"December 12, 2012 at 07:07AM",29,Partly Cloudy,46,30
"December 13, 2012 at 07:07AM",31,Mostly Cloudy,46,32
"December 14, 2012 at 07:09AM",36,Fair,49,33
"December 15, 2012 at 07:09AM",26,Fair,43,34
"December 16, 2012 at 07:09AM",40,Cloudy,43,41
"December 17, 2012 at 07:11AM",39,Cloudy,45,44
"December 18, 2012 at 07:11AM",43,Cloudy,52,38
"December 19, 2012 at 07:11AM",44,Fair,48,31
"December 20, 2012 at 07:11AM",32,Partly Cloudy,45,39
"December 21, 2012 at 07:13AM",49,Light Rain/Windy,54,35
"December 22, 2012 at 07:13AM",39,Cloudy,39,31
"December 23, 2012 at 07:13AM",37,Partly Cloudy,41,29
"December 24, 2012 at 07:13AM",35,Partly Cloudy,44,36
"December 25, 2012 at 07:13AM",34,Light Rain,43,28
"December 26, 2012 at 07:16AM",27,Fair,40,36
"December 27, 2012 at 07:16AM",39,Light Rain,44,28
"December 28, 2012 at 07:16AM",30,Partly Cloudy,39,28
"December 29, 2012 at 07:16AM",30,Partly Cloudy,36,27
"December 30, 2012 at 07:16AM",31,Fair,31,23
"December 31, 2012 at 07:16AM",30,Partly Cloudy,36,32
"January 01, 2013 at 07:16AM",40,Cloudy,39,19
"January 02, 2013 at 07:16AM",21,Partly Cloudy,33,16
"January 03, 2013 at 07:16AM",19,Mostly Cloudy,31,26
"January 04, 2013 at 07:16AM",33,Fair,36,26
"January 05, 2013 at 07:16AM",36,Mostly Cloudy,38,31
"January 06, 2013 at 07:16AM",35,Cloudy,43,32
"January 07, 2013 at 07:16AM",27,Fair,42,30
"January 08, 2013 at 07:16AM",33,Fair,46,26
"January 09, 2013 at 07:16AM",25,Partly Cloudy,49,35
"January 10, 2013 at 07:16AM",42,Fair,45,27
"January 11, 2013 at 07:16AM",31,Fair,42,40
"January 12, 2013 at 07:16AM",39,Fog,51,38
"January 13, 2013 at 07:16AM",43,Fog,50,47
"January 14, 2013 at 07:13AM",48,Fog,53,33
"January 15, 2013 at 07:13AM",37,Cloudy,41,31
"January 16, 2013 at 07:13AM",34,Freezing Rain,38,33
"January 17, 2013 at 07:13AM",38,Cloudy,42,24
"January 18, 2013 at 07:11AM",27,Partly Cloudy,30,27
"January 19, 2013 at 07:11AM",37,Cloudy,44,38
"January 20, 2013 at 07:11AM",42,Fair,45,23
"January 21, 2013 at 07:11AM",27,Partly Cloudy,33,23
"January 22, 2013 at 07:09AM",21,Light Snow,26,14
"January 23, 2013 at 07:09AM",12,Fair,23,13
"January 24, 2013 at 07:09AM",7,Mostly Cloudy,23,10
"January 25, 2013 at 07:07AM",15,Fair,27,19
"January 26, 2013 at 07:07AM",17,Fair,28,16
"January 27, 2013 at 07:05AM",18,Fair,32,18
"January 28, 2013 at 07:05AM",24,Mostly Cloudy,37,35
"January 29, 2013 at 07:03AM",33,Cloudy,42,37
"January 30, 2013 at 07:03AM",35,Fog,55,50
"January 31, 2013 at 07:03AM",54,Rain,53,28
"February 01, 2013 at 07:03AM",30,Partly Cloudy,34,22
"February 02, 2013 at 07:01AM",24,Fair,31,25
"February 03, 2013 at 07:01AM",22,Partly Cloudy,35,25
"February 04, 2013 at 06:58AM",26,Fair,32,23
"February 05, 2013 at 06:56AM",27,Cloudy,33,29
"February 06, 2013 at 06:56AM",30,Cloudy,40,21
"February 07, 2013 at 06:54AM",24,Fair,31,28
"February 08, 2013 at 06:54AM",32,Cloudy,36,26
"February 09, 2013 at 06:54AM",27,Light Snow,28,9
"February 10, 2013 at 06:52AM",18,Fair,35,26
"February 11, 2013 at 06:50AM",29,Cloudy,46,31
"February 12, 2013 at 06:48AM",40,Cloudy,42,27
"February 13, 2013 at 06:48AM",27,Fair,40,30
"February 14, 2013 at 06:46AM",33,Partly Cloudy,43,33
"February 15, 2013 at 06:46AM",29,Fog,46,32
"February 16, 2013 at 06:44AM",36,Light Snow,38,24
"February 17, 2013 at 06:44AM",29,Cloudy,30,15
"February 18, 2013 at 06:41AM",19,Fair,35,25
"February 19, 2013 at 06:39AM",22,Fair,46,30
"February 20, 2013 at 06:37AM",37,Cloudy,35,22
"February 21, 2013 at 06:37AM",25,Fair,35,24
"February 22, 2013 at 06:35AM",26,Fair,40,33
"February 23, 2013 at 06:33AM",37,Wintry Mix,40,36
"February 24, 2013 at 06:33AM",36,Light Rain,42,32
"February 25, 2013 at 06:31AM",34,Fair,43,30
"February 26, 2013 at 06:31AM",32,Cloudy,43,36
"February 27, 2013 at 06:29AM",41,Rain,45,38
"February 28, 2013 at 06:26AM",38,Cloudy,46,36
"March 01, 2013 at 06:24AM",38,Fair,45,33
"March 02, 2013 at 06:22AM",36,Cloudy,45,32
"March 03, 2013 at 06:22AM",31,Cloudy,43,30
"March 04, 2013 at 06:20AM",31,Cloudy,43,31
"March 05, 2013 at 06:18AM",33,Fair,45,36
"March 06, 2013 at 06:16AM",39,Partly Cloudy,42,32
"March 07, 2013 at 06:14AM",35,Light Snow/Windy,38,32
"March 08, 2013 at 06:14AM",34,Light Snow,39,31
"March 09, 2013 at 06:12AM",36,Fair,47,30
"March 10, 2013 at 06:12AM",27,Fair,46,33
"March 11, 2013 at 06:09AM",39,Cloudy,46,43
"March 12, 2013 at 06:07AM",49,Fair,51,38
"March 13, 2013 at 07:05AM",36,Fair,52,33
"March 14, 2013 at 07:03AM",35,Cloudy,42,25
"March 15, 2013 at 07:01AM",30,Fair,46,31
"March 16, 2013 at 07:01AM",35,Partly Cloudy,41,30
"March 17, 2013 at 06:59AM",29,Fair,41,28
"March 18, 2013 at 06:57AM",27,Fair,37,33
"March 19, 2013 at 06:54AM",35,Light Rain,40,28
"March 20, 2013 at 06:54AM",34,Fair,44,28
"March 21, 2013 at 06:52AM",35,Cloudy,39,30
"March 22, 2013 at 06:50AM",29,Fair,44,32
"March 23, 2013 at 06:48AM",35,Partly Cloudy,46,31
"March 24, 2013 at 06:46AM",35,Fair,48,35
"March 25, 2013 at 06:44AM",34,Fair,39,33
"March 26, 2013 at 06:44AM",39,Cloudy,49,33
"March 27, 2013 at 06:42AM",37,Fair,51,37
"March 28, 2013 at 06:40AM",40,Partly Cloudy,50,37
"March 29, 2013 at 06:40AM",43,Fair,55,38
"March 30, 2013 at 06:37AM",39,Fair,57,39
"March 31, 2013 at 06:35AM",31,Partly Cloudy,55,46
"April 01, 2013 at 06:33AM",46,Mostly Cloudy,57,33
"April 02, 2013 at 06:31AM",34,Fair,46,31
"April 03, 2013 at 06:29AM",34,Fair,48,31
"April 04, 2013 at 06:29AM",34,Fair,50,39
"April 05, 2013 at 06:27AM",42,Fair,59,35
"April 06, 2013 at 06:25AM",38,Partly Cloudy,49,38
"April 07, 2013 at 06:22AM",35,Fair,53,48
"April 08, 2013 at 06:22AM",43,Mostly Cloudy,63,53
"April 09, 2013 at 06:20AM",47,Partly Cloudy,72,52
"April 10, 2013 at 06:18AM",53,Partly Cloudy,69,52
"April 11, 2013 at 06:16AM",54,Cloudy,54,43
"April 12, 2013 at 06:16AM",48,Cloudy,46,41
"April 13, 2013 at 06:14AM",39,Cloudy,58,44
"April 14, 2013 at 06:12AM",49,Cloudy,57,41
"April 15, 2013 at 06:10AM",40,Fair,54,43
"April 16, 2013 at 06:08AM",41,Partly Cloudy,62,53
"April 17, 2013 at 06:08AM",55,Cloudy,65,44
"April 18, 2013 at 06:05AM",45,Fair,57,52
"April 19, 2013 at 06:05AM",54,Fog,63,53
"April 20, 2013 at 06:03AM",52,Light Rain,59,36
"April 21, 2013 at 06:01AM",39,Fair,55,38
"April 22, 2013 at 05:59AM",35,Fair,54,42
"April 23, 2013 at 05:59AM",41,Cloudy,50,45
"April 24, 2013 at 05:57AM",45,Partly Cloudy,63,50
"April 25, 2013 at 05:55AM",54,Cloudy,63,43
"April 26, 2013 at 05:55AM",39,Fair,63,42
"April 27, 2013 at 05:53AM",43,Fair,63,46
"April 28, 2013 at 05:50AM",39,Fair,64,48
"April 29, 2013 at 05:50AM",51,Fair,59,46
"April 30, 2013 at 05:48AM",48,Mostly Cloudy,63,40
"May 01, 2013 at 05:48AM",40,Fair,64,44
"May 02, 2013 at 05:46AM",42,Fair,69,46
"May 03, 2013 at 05:44AM",51,Mostly Cloudy,63,45
"May 04, 2013 at 05:44AM",45,Fair,63,41
"May 05, 2013 at 05:42AM",39,Fair,60,44
"May 06, 2013 at 05:42AM",46,Mostly Cloudy,63,49
"May 07, 2013 at 05:40AM",46,Fair,67,55
"May 08, 2013 at 05:38AM",58,Fair,62,54
"May 09, 2013 at 05:38AM",55,Fog,62,53
"May 10, 2013 at 05:38AM",52,Fair,73,59
"May 11, 2013 at 05:36AM",58,Mostly Cloudy,68,58
"May 12, 2013 at 05:33AM",59,Cloudy,68,45
"May 13, 2013 at 05:33AM",48,Fair,59,41
"May 14, 2013 at 05:33AM",42,Fair,63,43
"May 15, 2013 at 05:31AM",40,Fair,64,55
"May 16, 2013 at 05:31AM",48,Fog,78,53
"May 17, 2013 at 05:29AM",58,Fair,71,49
"May 18, 2013 at 05:29AM",48,Fair,69,53
"May 19, 2013 at 05:27AM",56,Cloudy,59,57
"May 20, 2013 at 05:25AM",57,Fog,75,62
"May 21, 2013 at 05:25AM",61,Fog,79,63
"May 22, 2013 at 05:25AM",58,Cloudy,78,65
"May 23, 2013 at 05:25AM",64,Cloudy,73,63
"May 24, 2013 at 05:23AM",63,Mostly Cloudy,67,52
"May 25, 2013 at 05:23AM",47,Light Rain,51,46
"May 26, 2013 at 05:23AM",49,Cloudy,62,47
"May 27, 2013 at 05:21AM",50,Fair,72,49
"May 28, 2013 at 05:21AM",47,Fair,66,57
"May 29, 2013 at 05:21AM",58,Mostly Cloudy,76,62
"May 30, 2013 at 05:18AM",62,Fair,83,65
"May 31, 2013 at 05:18AM",64,Fair,85,65
"June 01, 2013 at 05:18AM",63,Fair,83,65
"June 02, 2013 at 05:18AM",66,Fair,79,64
"June 03, 2013 at 05:18AM",67,Heavy Rain,74,53
"June 04, 2013 at 05:18AM",57,Fair,73,52
"June 05, 2013 at 05:18AM",55,Fair,71,55
"June 06, 2013 at 05:18AM",58,Mostly Cloudy,70,59
"June 07, 2013 at 05:16AM",60,Cloudy,63,58
"June 08, 2013 at 05:16AM",55,Rain,76,62
"June 09, 2013 at 05:16AM",61,Fair,77,60
"June 10, 2013 at 05:16AM",61,Partly Cloudy,70,62
"June 11, 2013 at 05:16AM",64,Light Rain,76,60
"June 12, 2013 at 05:16AM",65,Partly Cloudy,77,57
"June 13, 2013 at 05:16AM",54,Fair,64,54
"June 14, 2013 at 05:16AM",54,Light Rain,71,58
"June 15, 2013 at 05:16AM",63,Fair,78,56
"June 16, 2013 at 05:16AM",57,Fair,78,64
"June 17, 2013 at 05:16AM",62,Fair,81,61
"June 18, 2013 at 05:16AM",64,Fair,75,61
"June 19, 2013 at 05:16AM",59,Partly Cloudy,77,54
"June 20, 2013 at 05:16AM",55,Fair,77,58
"June 21, 2013 at 05:16AM",65,Fair,79,60
"June 22, 2013 at 05:16AM",63,Fair,79,64
"June 23, 2013 at 05:16AM",64,Fair,83,68
"June 24, 2013 at 05:18AM",72,Cloudy,90,69
"June 25, 2013 at 05:18AM",71,Fair,89,71
"June 26, 2013 at 05:18AM",73,Fair,86,69
"June 27, 2013 at 05:18AM",69,Fair,80,71
"June 28, 2013 at 05:18AM",73,Cloudy,79,70
"June 29, 2013 at 05:18AM",68,Partly Cloudy,80,70
"June 30, 2013 at 05:18AM",70,Mostly Cloudy,78,72
"July 01, 2013 at 05:21AM",74,Light Rain,77,72
"July 02, 2013 at 05:21AM",75,Cloudy,78,71
"July 03, 2013 at 05:21AM",74,Fair,83,72
"July 04, 2013 at 05:21AM",76,Cloudy,87,73
"July 05, 2013 at 05:23AM",75,Fair,89,74
"July 06, 2013 at 05:23AM",77,Fair,90,75
"July 07, 2013 at 05:23AM",76,Fair,90,76
"July 08, 2013 at 05:25AM",76,Fair,87,71
"July 09, 2013 at 05:25AM",75,Fair,84,74
"July 10, 2013 at 05:25AM",74,Cloudy,84,74
"July 11, 2013 at 05:27AM",77,Partly Cloudy,83,69
"July 12, 2013 at 05:27AM",72,Fair,81,68
"July 13, 2013 at 05:27AM",69,Cloudy,80,74
"July 14, 2013 at 05:29AM",73,Fog,87,74
"July 15, 2013 at 05:29AM",75,Partly Cloudy,94,73
"July 16, 2013 at 05:31AM",79,Fair,94,74
"July 17, 2013 at 05:31AM",77,Fair,90,75
"July 18, 2013 at 05:31AM",81,Fair,96,77
"July 19, 2013 at 05:33AM",78,Fair,96,79
"July 20, 2013 at 05:33AM",81,Fair,92,71
"July 21, 2013 at 05:36AM",74,Cloudy,86,71
"July 22, 2013 at 05:36AM",73,Fair,80,74
"July 23, 2013 at 05:36AM",75,Light Rain,84,72
"July 24, 2013 at 05:36AM",74,Partly Cloudy,85,65
"July 25, 2013 at 05:38AM",62,Cloudy,71,63
"July 26, 2013 at 05:38AM",62,Light Rain,81,69
"July 27, 2013 at 05:40AM",70,Mostly Cloudy,83,71
"July 28, 2013 at 05:42AM",68,Fair,80,71
"July 29, 2013 at 05:42AM",71,Cloudy,84,64
"July 30, 2013 at 05:42AM",67,Partly Cloudy,83,63
"July 31, 2013 at 05:44AM",62,Fair,82,68
"August 01, 2013 at 05:44AM",66,Fair,79,69
"August 02, 2013 at 05:46AM",70,Mostly Cloudy,85,68
"August 03, 2013 at 05:46AM",73,Fair,78,63
"August 04, 2013 at 05:48AM",61,Fair,80,57
"August 05, 2013 at 05:48AM",62,Fair,78,60
"August 06, 2013 at 05:50AM",56,Fair,79,64
"August 07, 2013 at 05:50AM",59,Fair,78,70
"August 08, 2013 at 05:50AM",73,Cloudy,79,74
"August 09, 2013 at 05:53AM",74,Cloudy,79,68
"August 10, 2013 at 05:53AM",71,Fair,85,58
"August 11, 2013 at 05:55AM",62,Fair,80,66
"August 12, 2013 at 05:55AM",71,Cloudy,80,71
"August 13, 2013 at 05:57AM",70,Fair,72,63
"August 14, 2013 at 05:57AM",63,Fair,75,57
"August 15, 2013 at 05:59AM",55,Fair,78,59
"August 16, 2013 at 05:59AM",55,Fair,79,59
"August 17, 2013 at 06:01AM",57,Fair,81,65
"August 18, 2013 at 06:01AM",63,Fair,75,62
"August 19, 2013 at 06:03AM",66,Fair,83,65
"August 20, 2013 at 06:03AM",67,Fair,87,65
"August 21, 2013 at 06:05AM",63,Fair,86,70
"August 22, 2013 at 06:05AM",66,Partly Cloudy,82,71
"August 23, 2013 at 06:08AM",72,Cloudy,83,62
"August 24, 2013 at 06:08AM",60,Fair,80,57
"August 25, 2013 at 06:08AM",58,Fair,80,64
"August 26, 2013 at 06:10AM",72,Partly Cloudy,76,69
"August 27, 2013 at 06:10AM",72,Cloudy,82,68
"August 28, 2013 at 06:12AM",69,Partly Cloudy,80,67
"August 29, 2013 at 06:12AM",70,Cloudy,78,64
"August 30, 2013 at 06:14AM",66,Cloudy,82,71
"August 31, 2013 at 06:14AM",73,Partly Cloudy,81,73
"September 01, 2013 at 06:16AM",73,Mostly Cloudy,79,72
"September 02, 2013 at 06:16AM",75,Cloudy,78,70
"September 03, 2013 at 06:18AM",74,Cloudy,79,61
"September 04, 2013 at 06:18AM",63,Fair,82,63
"September 05, 2013 at 06:20AM",68,Fair,74,49
"September 06, 2013 at 06:20AM",52,Fair,71,54
"September 07, 2013 at 06:22AM",50,Fair,77,64
"September 08, 2013 at 06:22AM",69,Mostly Cloudy,78,52
"September 09, 2013 at 06:22AM",48,Fair,71,64
"September 10, 2013 at 06:25AM",70,Cloudy,80,73
"September 11, 2013 at 06:25AM",74,Fair,88,74
"September 12, 2013 at 06:27AM",74,Partly Cloudy,82,67
"September 13, 2013 at 06:27AM",70,Cloudy,74,54
"September 14, 2013 at 06:29AM",55,Partly Cloudy,72,49
"September 15, 2013 at 06:29AM",51,Fair,73,57
"September 16, 2013 at 06:31AM",59,Fair,69,46
"September 17, 2013 at 06:31AM",45,Fair,66,43
"September 18, 2013 at 06:33AM",44,Fair,71,51
"September 19, 2013 at 06:33AM",52,Fair,75,54
"September 20, 2013 at 06:35AM",49,Fair,75,58
"September 21, 2013 at 06:35AM",64,Partly Cloudy,74,67
"September 22, 2013 at 06:37AM",64,Light Rain,71,46
"September 23, 2013 at 06:37AM",49,Fair,67,43
"September 24, 2013 at 06:37AM",46,Fair,71,48
"September 25, 2013 at 06:40AM",49,Fair,72,54
"September 26, 2013 at 06:40AM",59,Cloudy,70,54
"September 27, 2013 at 06:42AM",51,Fair,71,53
"September 28, 2013 at 06:42AM",51,Fair,72,52
"September 29, 2013 at 06:44AM",51,Partly Cloudy,69,51
"September 30, 2013 at 06:44AM",50,Fair,71,53
"October 01, 2013 at 06:46AM",48,Fair,78,58
"October 02, 2013 at 06:46AM",51,Fair,81,54
"October 03, 2013 at 06:48AM",51,Partly Cloudy,75,58
"October 04, 2013 at 06:50AM",59,Partly Cloudy,76,61
"October 05, 2013 at 06:50AM",62,Cloudy,72,61
"October 06, 2013 at 06:52AM",65,Cloudy,66,64
"October 07, 2013 at 06:52AM",68,Cloudy,73,53
"October 08, 2013 at 06:54AM",55,Partly Cloudy,68,47
"October 09, 2013 at 06:54AM",48,Partly Cloudy,66,52
"October 10, 2013 at 06:54AM",50,Mostly Cloudy,62,56
"October 11, 2013 at 06:57AM",55,Cloudy,67,52
"October 12, 2013 at 06:57AM",54,Partly Cloudy,70,52
"October 13, 2013 at 06:59AM",50,Fair,67,45
"October 14, 2013 at 06:59AM",44,Fair,65,51
"October 15, 2013 at 07:01AM",46,Mostly Cloudy,68,54
"October 16, 2013 at 07:03AM",54,Cloudy,66,58
"October 17, 2013 at 07:03AM",63,Cloudy,70,61
"October 18, 2013 at 07:05AM",62,Fair,65,46
"October 19, 2013 at 07:05AM",44,Fair,65,52
"October 20, 2013 at 07:07AM",54,Fair,62,44
"October 21, 2013 at 07:07AM",38,Fair,65,52
"October 22, 2013 at 07:09AM",59,Partly Cloudy,66,40
"October 23, 2013 at 07:09AM",38,Mostly Cloudy,55,37
"October 24, 2013 at 07:12AM",43,Fair,56,35
"October 25, 2013 at 07:12AM",40,Fair,55,34
"October 26, 2013 at 07:14AM",44,Fair,56,43
"October 27, 2013 at 07:14AM",51,Mostly Cloudy,56,38
"October 28, 2013 at 07:16AM",32,Fair,61,36
"October 29, 2013 at 07:16AM",41,Cloudy,52,39
"October 30, 2013 at 07:18AM",38,Mostly Cloudy,59,47
"October 31, 2013 at 07:20AM",47,Cloudy,65,61
"November 01, 2013 at 07:20AM",63,Mostly Cloudy,68,50
"November 02, 2013 at 07:22AM",46,Partly Cloudy,64,45
"November 03, 2013 at 06:22AM",45,Cloudy,49,30
"November 04, 2013 at 06:24AM",29,Fair,47,32
"November 05, 2013 at 06:26AM",34,Fair,51,40
"November 06, 2013 at 06:26AM",45,Mostly Cloudy,60,53
"November 07, 2013 at 06:29AM",61,Cloudy,62,36
"November 08, 2013 at 06:29AM",42,Cloudy,50,32
"November 09, 2013 at 06:31AM",39,Fair,50,41
"November 10, 2013 at 06:31AM",50,Cloudy,57,37
"November 11, 2013 at 06:33AM",43,Fair,51,36
"November 12, 2013 at 06:33AM",47,Cloudy,42,26
"November 13, 2013 at 06:35AM",27,Fair,39,30
"November 14, 2013 at 06:37AM",36,Fair,49,34
"November 15, 2013 at 06:37AM",44,Fair,55,40
"November 16, 2013 at 06:39AM",41,Mostly Cloudy,58,48
"November 17, 2013 at 06:39AM",48,Cloudy,60,56
"November 18, 2013 at 06:41AM",60,Cloudy,62,38
"November 19, 2013 at 06:44AM",43,Fair,45,29
"November 20, 2013 at 06:44AM",31,Partly Cloudy,45,29
"November 21, 2013 at 06:46AM",26,Partly Cloudy,48,41
"November 22, 2013 at 06:46AM",46,Cloudy,51,38
"November 23, 2013 at 06:46AM",43,Fair,46,25
"November 24, 2013 at 06:48AM",25,Partly Cloudy,31,18
"November 25, 2013 at 06:50AM",21,Partly Cloudy,36,32
"November 26, 2013 at 06:50AM",37,Cloudy,42,40
"November 27, 2013 at 06:52AM",60,Light Rain/Windy,61,29
"November 28, 2013 at 06:52AM",31,Partly Cloudy,34,26
"November 29, 2013 at 06:54AM",27,Cloudy,37,23
"November 30, 2013 at 06:54AM",19,Fair,35,33
"December 01, 2013 at 06:56AM",34,Cloudy,47,33
"December 02, 2013 at 06:56AM",37,Cloudy,45,34
"December 03, 2013 at 06:58AM",32,Fog,51,32
"December 04, 2013 at 06:58AM",28,Partly Cloudy,48,42
"December 05, 2013 at 07:01AM",48,Rain,56,51
"December 06, 2013 at 07:01AM",52,Fog,51,36
"December 06, 2013 at 07:03AM",49,Light Rain,51,36
"December 07, 2013 at 07:03AM",36,Cloudy,40,29
"December 08, 2013 at 07:03AM",23,Fair,36,31
"December 09, 2013 at 07:03AM",33,Light Freezing Rain,42,31
"December 10, 2013 at 07:05AM",35,Mostly Cloudy,36,21
"December 11, 2013 at 07:05AM",28,Partly Cloudy,33,19
"December 12, 2013 at 07:05AM",25,Fair,26,19
"December 13, 2013 at 07:07AM",26,Cloudy,32,19
"December 14, 2013 at 07:07AM",21,Light Snow,24,25
"December 15, 2013 at 07:09AM",28,Cloudy,37,22
"December 16, 2013 at 07:09AM",29,Fair,27,20
"December 17, 2013 at 07:09AM",17,Cloudy,25,19
"December 18, 2013 at 07:11AM",22,Fair,35,25
"December 19, 2013 at 07:11AM",30,Mostly Cloudy,40,34
"December 20, 2013 at 07:11AM",31,Fair,47,40
"December 21, 2013 at 07:13AM",41,Fair,51,47
"December 22, 2013 at 07:13AM",52,Fog,57,51
"December 23, 2013 at 07:13AM",52,Fog,53,29
"December 24, 2013 at 07:13AM",34,Fair,38,17
"December 25, 2013 at 07:13AM",21,Fair,30,25
"December 26, 2013 at 07:13AM",25,Cloudy,40,27
"December 27, 2013 at 07:16AM",30,Fair,38,27
"December 28, 2013 at 07:16AM",35,Fair,46,32
"December 29, 2013 at 07:16AM",35,Cloudy,41,35
"December 30, 2013 at 07:16AM",38,Partly Cloudy,38,18
"December 31, 2013 at 07:16AM",17,Partly Cloudy,34,22
"January 01, 2014 at 07:16AM",24,Fair,32,26
"January 02, 2014 at 07:16AM",25,Light Snow,27,14
"January 03, 2014 at 07:18AM",11,Light Snow,16,-5
"January 04, 2014 at 07:16AM",5,Fair,26,22
"January 05, 2014 at 07:16AM",8,Fair,41,39
"January 06, 2014 at 07:16AM",50,Fog,50,13
"January 07, 2014 at 07:16AM",11,Fair,14,10
"January 08, 2014 at 07:16AM",9,Fair,23,18
"January 09, 2014 at 07:16AM",20,Partly Cloudy,31,24
"January 10, 2014 at 07:16AM",25,Cloudy,39,37
"January 11, 2014 at 07:16AM",46,Cloudy,49,36
"January 12, 2014 at 07:16AM",45,Partly Cloudy,44,30
"January 13, 2014 at 07:16AM",31,Fair,48,42
"January 14, 2014 at 07:13AM",43,Light Rain,45,32
"January 15, 2014 at 07:13AM",30,Fair,45,33
"January 16, 2014 at 07:13AM",40,Cloudy,40,28
"January 17, 2014 at 07:13AM",25,Fair,44,32
"January 18, 2014 at 07:11AM",36,Cloudy,42,28
"January 19, 2014 at 07:11AM",29,Cloudy,38,31
"January 20, 2014 at 07:11AM",37,Fair,43,20
"January 21, 2014 at 07:11AM",22,Mostly Cloudy,23,9
"January 22, 2014 at 07:09AM",11,Cloudy,18,6
"January 23, 2014 at 07:09AM",7,Mostly Cloudy,22,8
"January 24, 2014 at 07:09AM",10,Partly Cloudy,18,14
"January 25, 2014 at 07:07AM",27,Fair,35,13
"January 26, 2014 at 07:07AM",19,Partly Cloudy,22,20
"January 27, 2014 at 07:05AM",26,Fair,40,11
"January 29, 2014 at 07:03AM",14,Light Snow,26,14
"January 30, 2014 at 07:03AM",18,Fair,28,23
"January 31, 2014 at 07:03AM",28,Fair,35,29
"February 01, 2014 at 07:03AM",30,Fair,39,35
"February 02, 2014 at 07:01AM",36,Fog,46,31
"February 03, 2014 at 07:01AM",34,Light Snow,34,20
"February 04, 2014 at 06:58AM",21,Fair,36,29
"February 05, 2014 at 06:56AM",28,Light Snow,34,16
"February 06, 2014 at 06:56AM",24,Partly Cloudy,28,13
"February 07, 2014 at 06:54AM",22,Fair,31,12
"February 08, 2014 at 06:54AM",22,Fair,31,18
"February 09, 2014 at 06:52AM",20,Fair,31,23
"February 10, 2014 at 06:52AM",22,Fair,27,15
"February 11, 2014 at 06:50AM",6,Fair,26,8
"February 12, 2014 at 06:48AM",11,Fair,27,22
"February 13, 2014 at 06:48AM",25,Light Snow,37,32
"February 14, 2014 at 06:48AM",32,Light Snow,37,26
"February 15, 2014 at 06:46AM",23,Mostly Cloudy,37,17
"February 16, 2014 at 06:44AM",28,Fair,30,12
"February 17, 2014 at 06:44AM",18,Fair,30,19
"February 18, 2014 at 06:41AM",24,Mostly Cloudy,36,26
"February 19, 2014 at 06:39AM",18,Fair,40,29
"February 20, 2014 at 06:37AM",29,Fair,42,35
"February 21, 2014 at 06:37AM",36,Fog,48,32
"February 22, 2014 at 06:35AM",37,Fair,48,33
"February 23, 2014 at 06:33AM",30,Mostly Cloudy,47,31
"February 24, 2014 at 06:33AM",36,Mostly Cloudy,35,20
"February 25, 2014 at 06:31AM",23,Fair,31,20
"February 26, 2014 at 06:31AM",18,Fair,29,10
"February 27, 2014 at 06:29AM",7,Fair,31,8
"February 28, 2014 at 06:26AM",10,Fair,22,12
"March 01, 2014 at 06:24AM",9,Fair,36,28
"March 02, 2014 at 06:22AM",34,Cloudy,34,18
"March 03, 2014 at 06:22AM",20,Cloudy,24,5
"March 04, 2014 at 06:20AM",10,Fair,29,18
"March 05, 2014 at 06:18AM",25,Cloudy,36,11
"March 06, 2014 at 06:16AM",15,Fair,29,18
"March 07, 2014 at 06:16AM",20,Cloudy,38,27
"March 08, 2014 at 06:14AM",31,Fair,44,26
"March 09, 2014 at 07:12AM",35,Mostly Cloudy,37,30
"March 10, 2014 at 07:09AM",36,Cloudy,44,36
"March 11, 2014 at 07:09AM",30,Fair,52,37
"March 12, 2014 at 07:07AM",41,Partly Cloudy,48,22
"March 13, 2014 at 07:05AM",23,Cloudy,26,17
"March 14, 2014 at 07:03AM",20,Cloudy,39,36
"March 15, 2014 at 07:01AM",38,Light Rain,50,28
"March 16, 2014 at 07:01AM",33,Fair,33,22
"March 17, 2014 at 06:59AM",23,Cloudy,36,20
"March 18, 2014 at 06:57AM",20,Fair,41,27
"March 19, 2014 at 06:54AM",25,Fair,39,37
"March 20, 2014 at 06:54AM",37,Cloudy,54,35
"March 21, 2014 at 06:52AM",38,Fair,47,35
"March 22, 2014 at 06:50AM",33,Partly Cloudy,55,33
"March 23, 2014 at 06:48AM",38,Mostly Cloudy,40,21
"March 24, 2014 at 06:46AM",20,Fair,35,27
"March 25, 2014 at 06:44AM",17,Fair,40,30
"March 26, 2014 at 06:44AM",32,Cloudy,36,21
"March 27, 2014 at 06:42AM",21,Fair,40,37
"March 28, 2014 at 06:40AM",31,Fair,51,40
"March 29, 2014 at 06:37AM",41,Fair,48,43
"March 30, 2014 at 06:37AM",44,Cloudy,46,38
"March 31, 2014 at 06:35AM",40,Cloudy,50,33
"April 01, 2014 at 06:33AM",36,Fair,50,36
"April 02, 2014 at 06:31AM",35,Fair,50,38
"April 03, 2014 at 06:29AM",41,Fair,54,38
"April 04, 2014 at 06:29AM",42,Cloudy,44,40
"April 05, 2014 at 06:27AM",39,Cloudy,51,34
"April 06, 2014 at 06:25AM",37,Fair,51,37
"April 07, 2014 at 06:22AM",35,Fair,47,44
"April 08, 2014 at 06:22AM",48,Light Rain,56,40
"April 09, 2014 at 06:20AM",43,Partly Cloudy,56,36
"April 10, 2014 at 06:18AM",30,Fair,52,45
"April 11, 2014 at 06:16AM",47,Partly Cloudy,58,44
"April 12, 2014 at 06:16AM",49,Fair,59,43
"April 13, 2014 at 06:14AM",46,Cloudy,58,49
"April 14, 2014 at 06:12AM",53,Mostly Cloudy,60,52
"April 15, 2014 at 06:10AM",54,Cloudy,57,34
"April 16, 2014 at 06:08AM",33,Fair,47,32
"April 17, 2014 at 06:08AM",30,Fair,46,33
"April 18, 2014 at 06:05AM",33,Cloudy,46,39
"April 19, 2014 at 06:05AM",42,Fair,61,38
"April 20, 2014 at 06:03AM",42,Fair,51,38
"April 21, 2014 at 06:01AM",32,Fair,55,42
"April 22, 2014 at 05:59AM",43,Fair,59,46
"April 23, 2014 at 05:59AM",53,Cloudy,56,38
"April 24, 2014 at 05:57AM",44,Fair,58,39
"April 25, 2014 at 05:55AM",44,Fair,55,45
"April 26, 2014 at 05:55AM",47,Rain,54,42
"April 27, 2014 at 05:53AM",43,Fair,58,42
"April 28, 2014 at 05:50AM",45,Fair,60,45
"April 29, 2014 at 05:50AM",50,Cloudy,50,44
"April 30, 2014 at 05:50AM",43,Light Rain,47,46
"May 01, 2014 at 05:48AM",58,Rain,62,49
"May 02, 2014 at 05:46AM",53,Cloudy,61,48
"May 03, 2014 at 05:44AM",45,Fair,60,49
"May 04, 2014 at 05:44AM",54,Mostly Cloudy,60,47
"May 05, 2014 at 05:42AM",52,Partly Cloudy,61,45
"May 06, 2014 at 05:42AM",48,Fair,62,44
"May 07, 2014 at 05:40AM",48,Fair,62,49
"May 08, 2014 at 05:38AM",48,Cloudy,57,50
"May 09, 2014 at 05:38AM",55,Fog,56,53
"May 10, 2014 at 05:36AM",61,Cloudy,68,56
"May 11, 2014 at 05:36AM",61,Mostly Cloudy,73,54
"May 12, 2014 at 05:33AM",51,Fair,72,57
"May 13, 2014 at 05:33AM",63,Cloudy,61,51
"May 14, 2014 at 05:33AM",49,Partly Cloudy,60,56
"May 15, 2014 at 05:31AM",61,Cloudy,64,59
"May 16, 2014 at 05:31AM",61,Cloudy,63,58
"May 17, 2014 at 05:29AM",58,Mostly Cloudy,66,51
"May 18, 2014 at 05:29AM",54,Partly Cloudy,65,49
"May 19, 2014 at 05:27AM",52,Fair,66,51
"May 20, 2014 at 05:27AM",56,Fair,72,54
"May 21, 2014 at 05:25AM",56,Mostly Cloudy,66,54
"May 22, 2014 at 05:25AM",57,Light Rain,60,54
"May 23, 2014 at 05:25AM",55,Cloudy,61,53
"May 24, 2014 at 05:23AM",57,Cloudy,66,54
"May 25, 2014 at 05:23AM",55,Fair,68,58
"May 26, 2014 at 05:23AM",53,Partly Cloudy,80,63
"May 27, 2014 at 05:21AM",61,Fair,76,54
"May 28, 2014 at 05:21AM",55,Cloudy,59,48
"May 29, 2014 at 05:21AM",47,Fair,61,51
"May 30, 2014 at 05:18AM",51,Cloudy,65,54
"May 31, 2014 at 05:18AM",54,Fair,67,49
"June 01, 2014 at 05:18AM",49,Fair,71,55
"June 02, 2014 at 05:18AM",52,Fair,74,59
"June 03, 2014 at 05:18AM",57,Fair,73,59
"June 04, 2014 at 05:18AM",64,Cloudy,74,59
"June 05, 2014 at 05:18AM",63,Cloudy,67,55
"June 06, 2014 at 05:18AM",59,Fair,74,58
"June 07, 2014 at 05:16AM",58,Fair,77,61
"June 08, 2014 at 05:16AM",60,Fair,79,61
"June 09, 2014 at 05:16AM",67,Partly Cloudy,68,63
"June 10, 2014 at 05:16AM",65,Cloudy,72,62
"June 11, 2014 at 05:16AM",65,Cloudy,69,60
"June 12, 2014 at 05:16AM",61,Cloudy,68,65
"June 13, 2014 at 05:16AM",64,Cloudy,74,67
"June 14, 2014 at 05:16AM",66,Fog,76,58
"June 15, 2014 at 05:16AM",59,Fair,78,59
"June 16, 2014 at 05:16AM",63,Fair,75,63
"June 17, 2014 at 05:16AM",64,Cloudy,78,66
"June 18, 2014 at 05:16AM",73,Fair,84,66
"June 19, 2014 at 05:16AM",70,Mostly Cloudy,74,60
"June 20, 2014 at 05:16AM",58,Fair,77,59
"June 21, 2014 at 05:16AM",58,Fair,73,59
"June 22, 2014 at 05:16AM",58,Fair,76,59
"June 23, 2014 at 05:16AM",58,Fair,77,61
"June 24, 2014 at 05:18AM",65,Fair,78,66
"June 25, 2014 at 05:18AM",70,Cloudy,78,68
"June 26, 2014 at 05:18AM",73,Light Rain,83,65
"June 27, 2014 at 05:18AM",65,Cloudy,79,59
"June 28, 2014 at 05:18AM",62,Fair,82,61
"June 29, 2014 at 05:18AM",61,Fair,81,64
"June 30, 2014 at 05:18AM",70,Fair,82,69
"July 01, 2014 at 05:21AM",71,Fair,83,70
"July 02, 2014 at 05:21AM",73,Fair,83,71
"July 03, 2014 at 05:21AM",75,Mostly Cloudy,85,72
"July 04, 2014 at 05:21AM",74,Cloudy,75,62
"July 05, 2014 at 05:23AM",66,Fair,84,61
"July 06, 2014 at 05:23AM",61,Fair,82,69
"July 07, 2014 at 05:23AM",71,Mostly Cloudy,87,72
"July 08, 2014 at 05:25AM",70,Fair,89,75
"July 09, 2014 at 05:25AM",73,Fair,83,68
"July 10, 2014 at 05:25AM",71,Partly Cloudy,81,67
"July 11, 2014 at 05:27AM",69,Fair,80,65
"July 12, 2014 at 05:27AM",66,Fair,81,67
"July 13, 2014 at 05:27AM",72,Partly Cloudy,79,71
"July 14, 2014 at 05:29AM",73,Mostly Cloudy,82,71
"July 15, 2014 at 05:29AM",74,Fog,80,71
"July 16, 2014 at 05:31AM",73,Mostly Cloudy,76,65
"July 17, 2014 at 05:31AM",68,Fair,80,63
"July 18, 2014 at 05:31AM",64,Fair,80,64
"July 19, 2014 at 05:33AM",63,Fair,76,63
"July 20, 2014 at 05:33AM",64,Fair,76,62
"July 21, 2014 at 05:33AM",62,Fair,80,66
"July 22, 2014 at 05:36AM",69,Fair,86,71
"July 23, 2014 at 05:36AM",74,Fair,84,70
"July 24, 2014 at 05:36AM",72,Partly Cloudy,83,64
"July 25, 2014 at 05:38AM",64,Partly Cloudy,81,66
"July 26, 2014 at 05:38AM",73,Fair,80,69
"July 27, 2014 at 05:40AM",73,Partly Cloudy,81,71
"July 28, 2014 at 05:40AM",75,Thunderstorm,80,62
"July 29, 2014 at 05:42AM",67,Fair,78,64
"July 30, 2014 at 05:42AM",60,Mostly Cloudy,79,66
"July 31, 2014 at 05:44AM",64,Fair,79,67
"August 01, 2014 at 05:44AM",73,Fair,80,67
"August 02, 2014 at 05:46AM",72,Partly Cloudy,71,63
"August 03, 2014 at 05:46AM",64,Mostly Cloudy,75,66
"August 04, 2014 at 05:48AM",72,Cloudy,80,67
"August 05, 2014 at 05:48AM",66,Partly Cloudy,84,67
"August 06, 2014 at 05:50AM",70,Fair,83,63
"August 07, 2014 at 05:50AM",64,Fair,81,61
"August 08, 2014 at 05:50AM",64,Fair,82,63
"August 09, 2014 at 05:53AM",60,Fair,83,65
"August 10, 2014 at 05:53AM",67,Fair,85,66
"August 11, 2014 at 05:55AM",66,Fair,81,68
"August 12, 2014 at 05:55AM",68,Fair,77,70
"August 13, 2014 at 05:57AM",68,Heavy Rain,80,61
"August 14, 2014 at 05:57AM",65,Fair,78,59
"August 15, 2014 at 05:59AM",62,Fair,76,59
"August 16, 2014 at 05:59AM",59,Fair,79,66
"August 17, 2014 at 06:01AM",73,Mostly Cloudy,79,60
"August 18, 2014 at 06:01AM",64,Fair,80,60
"August 19, 2014 at 06:03AM",58,Fair,78,60
"August 20, 2014 at 06:03AM",61,Fair,79,62
"August 21, 2014 at 06:05AM",67,Partly Cloudy,76,65
"August 22, 2014 at 06:05AM",67,Partly Cloudy,73,62
"August 23, 2014 at 06:05AM",66,Cloudy,75,59
"August 24, 2014 at 06:08AM",61,Fair,78,61
"August 25, 2014 at 06:08AM",60,Fair,83,65
"August 26, 2014 at 06:10AM",68,Fair,82,66
"August 27, 2014 at 06:10AM",66,Fair,85,64
"August 28, 2014 at 06:12AM",67,Fair,82,58
"August 29, 2014 at 06:12AM",59,Fair,77,62
"August 30, 2014 at 06:14AM",67,Partly Cloudy,76,68
"August 31, 2014 at 06:14AM",74,Cloudy,82,71
"September 01, 2014 at 06:16AM",76,Cloudy,84,71
"September 02, 2014 at 06:16AM",73,Partly Cloudy,87,70
"September 03, 2014 at 06:18AM",74,Partly Cloudy,85,63
"September 04, 2014 at 06:18AM",63,Fair,83,67
"September 05, 2014 at 06:20AM",74,Cloudy,84,72
"September 06, 2014 at 06:20AM",76,Partly Cloudy,86,65
"September 07, 2014 at 06:22AM",67,Partly Cloudy,80,60
"September 08, 2014 at 06:22AM",61,Fair,77,61
"September 09, 2014 at 06:22AM",59,Fair,75,61
"September 10, 2014 at 06:25AM",59,Mostly Cloudy,77,66
"September 11, 2014 at 06:25AM",69,Partly Cloudy,79,57
"September 12, 2014 at 06:27AM",59,Fair,75,55
"September 13, 2014 at 06:27AM",58,Cloudy,72,54
"September 14, 2014 at 06:29AM",53,Fair,71,51
"September 15, 2014 at 06:29AM",51,Fair,70,61
"September 16, 2014 at 06:31AM",56,Partly Cloudy,71,52
"September 17, 2014 at 06:31AM",49,Fair,72,55
"September 18, 2014 at 06:33AM",52,Mostly Cloudy,75,50
"September 19, 2014 at 06:33AM",52,Partly Cloudy,66,54
"September 20, 2014 at 06:35AM",55,Cloudy,73,65
"September 21, 2014 at 06:35AM",70,Heavy Rain,78,62
"September 22, 2014 at 06:37AM",67,Fair,70,48
"September 23, 2014 at 06:37AM",51,Fair,70,54
"September 24, 2014 at 06:40AM",52,Fair,72,58
"September 25, 2014 at 06:40AM",60,Cloudy,63,55
"September 26, 2014 at 06:40AM",58,Fair,76,57
"September 27, 2014 at 06:42AM",58,Fair,80,59
"September 28, 2014 at 06:42AM",54,Fair,79,63
"September 30, 2014 at 06:44AM",66,Cloudy,71,58
"October 01, 2014 at 06:46AM",61,Light Rain,63,57
"October 02, 2014 at 06:46AM",61,Cloudy,65,52
"October 03, 2014 at 06:48AM",49,Fair,68,58
"October 04, 2014 at 06:50AM",62,Cloudy,67,46
"October 05, 2014 at 06:50AM",50,Partly Cloudy,62,49
"October 06, 2014 at 06:52AM",40,Fair,69,61
"October 07, 2014 at 06:52AM",69,Cloudy,72,63
"October 08, 2014 at 06:54AM",68,Mostly Cloudy,70,51
"October 09, 2014 at 06:54AM",57,Fair,68,49
"October 10, 2014 at 06:54AM",42,Fair,64,51
"October 11, 2014 at 06:57AM",50,Light Rain,56,45
"October 12, 2014 at 06:57AM",43,Fair,63,50
"October 13, 2014 at 06:59AM",46,Mostly Cloudy,66,59
"October 14, 2014 at 06:59AM",65,Cloudy,73,64
"October 15, 2014 at 07:01AM",70,Cloudy,73,66
"October 16, 2014 at 07:03AM",72,Cloudy,70,57
"October 17, 2014 at 07:03AM",61,Mostly Cloudy,69,59
"October 18, 2014 at 07:05AM",65,Mostly Cloudy,67,47
"October 19, 2014 at 07:05AM",54,Cloudy,54,39
"October 20, 2014 at 07:07AM",43,Fair,59,54
"October 21, 2014 at 07:07AM",51,Mostly Cloudy,68,54
"October 22, 2014 at 07:09AM",56,Cloudy,57,51
"October 25, 2014 at 07:12AM",47,Fair,65,51
"October 26, 2014 at 07:14AM",52,Fair,57,46
"October 27, 2014 at 07:14AM",51,Partly Cloudy,62,49
"October 28, 2014 at 07:16AM",43,Fair,69,59
"October 29, 2014 at 07:16AM",53,Partly Cloudy,68,47
"October 30, 2014 at 07:18AM",40,Fair,59,42
"October 31, 2014 at 07:20AM",44,Mostly Cloudy,58,46
"November 01, 2014 at 07:20AM",48,Mostly Cloudy,49,40
"November 02, 2014 at 06:22AM",44,Fair,48,34
"November 03, 2014 at 06:22AM",40,Fair,58,43
"November 04, 2014 at 06:24AM",50,Fair,63,52
"November 05, 2014 at 06:26AM",58,Mostly Cloudy,63,49
"November 06, 2014 at 06:26AM",53,Cloudy,56,46
"November 07, 2014 at 06:29AM",49,Cloudy,51,34
"November 08, 2014 at 06:29AM",37,Partly Cloudy,48,44
"November 09, 2014 at 06:31AM",45,Cloudy,55,40
"November 10, 2014 at 06:31AM",36,Fair,59,48
"November 11, 2014 at 06:33AM",39,Mostly Cloudy,64,53
"November 12, 2014 at 06:33AM",57,Fog,63,36
"November 13, 2014 at 06:35AM",39,Fair,50,35
"November 14, 2014 at 06:37AM",39,Cloudy,43,29
"November 15, 2014 at 06:37AM",35,Mostly Cloudy,42,33
"November 16, 2014 at 06:39AM",27,Partly Cloudy,49,40
"November 17, 2014 at 06:39AM",41,Rain,57,33
"November 18, 2014 at 06:41AM",41,Fair,34,23
"November 19, 2014 at 06:44AM",26,Fair,35,31
"November 20, 2014 at 06:44AM",41,Mostly Cloudy,42,27
"November 21, 2014 at 06:46AM",31,Fair,37,27
"November 22, 2014 at 06:46AM",30,Fair,43,39
"November 23, 2014 at 06:48AM",47,Mostly Cloudy,51,47
"November 24, 2014 at 06:48AM",61,Light Rain,61,51
"November 25, 2014 at 06:50AM",56,Cloudy,55,41
"November 26, 2014 at 06:50AM",47,Cloudy,46,32
"November 27, 2014 at 06:52AM",37,Cloudy,40,29
"November 28, 2014 at 06:52AM",33,Fair,36,24
"November 29, 2014 at 06:54AM",22,Fair,36,34
"November 30, 2014 at 06:54AM",51,Cloudy,52,47
"December 01, 2014 at 06:56AM",51,Mostly Cloudy,56,33
"December 02, 2014 at 06:56AM",38,Fair,41,39
"December 03, 2014 at 06:58AM",39,Cloudy,50,35
"December 04, 2014 at 06:58AM",41,Fair,43,28
"December 05, 2014 at 07:01AM",29,Partly Cloudy,47,43
"December 06, 2014 at 07:01AM",40,Cloudy,49,36
"December 07, 2014 at 07:03AM",40,Fair,39,22
"December 08, 2014 at 07:03AM",22,Fair,38,34
"December 09, 2014 at 07:03AM",36,Rain,45,39
"December 10, 2014 at 07:05AM",41,Cloudy,41,32
"December 11, 2014 at 07:05AM",36,Cloudy,38,29
"December 12, 2014 at 07:05AM",32,Cloudy,37,30
"December 13, 2014 at 07:07AM",36,Fair,39,32
"December 14, 2014 at 07:07AM",40,Partly Cloudy,43,32
"December 15, 2014 at 07:09AM",34,Fair,44,34
"December 16, 2014 at 07:09AM",32,Mostly Cloudy,46,37
"December 17, 2014 at 07:09AM",43,Cloudy,51,35
"December 18, 2014 at 07:11AM",41,Partly Cloudy,43,32
"December 19, 2014 at 07:11AM",39,Cloudy,38,29
"December 20, 2014 at 07:11AM",29,Partly Cloudy,40,32
"December 21, 2014 at 07:11AM",35,Cloudy,38,34
"December 22, 2014 at 07:13AM",37,Cloudy,44,40
"December 23, 2014 at 07:13AM",45,Cloudy,49,46
"December 24, 2014 at 07:13AM",45,Cloudy,54,53
"December 25, 2014 at 07:13AM",54,Light Rain,58,37
"December 26, 2014 at 07:13AM",42,Fair,47,38
"December 27, 2014 at 07:16AM",31,Fair,50,42
"December 28, 2014 at 07:16AM",48,Cloudy,50,35
"December 29, 2014 at 07:16AM",38,Partly Cloudy,43,29
"December 30, 2014 at 07:16AM",26,Mostly Cloudy,36,27
"December 31, 2014 at 07:16AM",29,Cloudy,33,26
"January 01, 2015 at 07:16AM",29,Fair,39,31
"January 02, 2015 at 07:16AM",39,Fair,40,25
"January 03, 2015 at 07:16AM",27,Fair,41,40
"January 04, 2015 at 07:16AM",36,Cloudy,55,36
"January 05, 2015 at 07:16AM",43,Partly Cloudy,46,19
"January 06, 2015 at 07:16AM",20,Cloudy,27,23
"January 07, 2015 at 07:16AM",23,Mostly Cloudy,26,4
"January 08, 2015 at 07:16AM",7,Fair,24,20
"January 09, 2015 at 07:16AM",34,Cloudy,32,17
"January 10, 2015 at 07:16AM",20,Fair,24,17
"January 11, 2015 at 07:16AM",19,Fair,34,30
"January 12, 2015 at 07:16AM",38,Cloudy,38,27
"January 13, 2015 at 07:16AM",30,Partly Cloudy,27,11
"January 14, 2015 at 07:13AM",16,Cloudy,33,22
"January 15, 2015 at 07:13AM",20,Partly Cloudy,35,27
"January 16, 2015 at 07:13AM",31,Fair,39,12
"January 17, 2015 at 07:13AM",14,Fair,27,25
"January 18, 2015 at 07:11AM",27,Cloudy,47,33
"January 19, 2015 at 07:11AM",33,Cloudy,39,26
"January 20, 2015 at 07:11AM",33,Cloudy,36,22
"January 21, 2015 at 07:11AM",20,Fair,36,27
"January 22, 2015 at 07:09AM",29,Cloudy,39,24
"January 23, 2015 at 07:09AM",26,Fair,37,31
"January 24, 2015 at 07:09AM",33,Light Snow,36,30
"January 25, 2015 at 07:07AM",35,Partly Cloudy,37,18
"January 26, 2015 at 07:07AM",20,Cloudy,31,23
"January 27, 2015 at 07:07AM",21,Fog,25,15
"January 28, 2015 at 07:05AM",16,Fair,28,13
"January 29, 2015 at 07:03AM",15,Fair,32,30
"January 30, 2015 at 07:03AM",33,Cloudy,36,10
"January 31, 2015 at 07:03AM",10,Fair,23,16
"February 01, 2015 at 07:03AM",6,Fair,34,22
"February 02, 2015 at 07:01AM",24,Snow/Fog,34,8
"February 03, 2015 at 07:01AM",9,Partly Cloudy,25,17
"February 04, 2015 at 06:58AM",17,Cloudy,40,31
"February 05, 2015 at 06:58AM",31,Cloudy,34,3
"February 06, 2015 at 06:56AM",9,Fair,26,16
"February 07, 2015 at 06:54AM",23,Cloudy,32,30
"February 08, 2015 at 06:54AM",32,Cloudy,35,24
"February 09, 2015 at 06:52AM",20,Light Snow,28,21
"February 10, 2015 at 06:52AM",22,Cloudy,35,14
"February 11, 2015 at 06:50AM",20,Fair,29,12
"February 12, 2015 at 06:48AM",21,Cloudy,35,6
"February 13, 2015 at 06:48AM",5,Fair,17,7
"February 14, 2015 at 06:46AM",2,Cloudy,35,21
"February 15, 2015 at 06:46AM",18,Cloudy,18,-3
"February 16, 2015 at 06:44AM",0,Fair,20,9
"February 17, 2015 at 06:44AM",11,Light Snow,27,10
"February 18, 2015 at 06:41AM",7,Fair,30,14
"February 19, 2015 at 06:39AM",19,Cloudy,22,2
"February 20, 2015 at 06:37AM",2,Fair,19,5
"February 21, 2015 at 06:37AM",-1,Fair,32,30
"February 22, 2015 at 06:35AM",30,Light Snow,36,17
"February 23, 2015 at 06:33AM",30,Cloudy,23,-5
"February 24, 2015 at 06:33AM",2,Fair,22,15
"February 25, 2015 at 06:31AM",9,Fair,35,11
"February 26, 2015 at 06:31AM",20,Partly Cloudy,27,11
"February 27, 2015 at 06:29AM",16,Fair,29,5
"February 28, 2015 at 06:26AM",12,Partly Cloudy,29,10
"March 01, 2015 at 06:24AM",13,Cloudy,32,29
"March 02, 2015 at 06:22AM",27,Cloudy,36,13
"March 03, 2015 at 06:22AM",21,Fair,32,29
"March 04, 2015 at 06:20AM",34,Light Rain,38,26
"March 05, 2015 at 06:18AM",33,Light Snow,27,8
"March 06, 2015 at 06:16AM",11,Fair,26,13
"March 07, 2015 at 06:14AM",20,Fair,35,26
"March 08, 2015 at 07:14AM",22,Partly Cloudy,43,27
"March 09, 2015 at 07:12AM",20,Mostly Cloudy,44,29
"March 10, 2015 at 07:12AM",26,Fair,43,36
"March 11, 2015 at 07:09AM",35,Fog,50,32
"March 12, 2015 at 07:07AM",39,Partly Cloudy,39,19
"March 13, 2015 at 07:05AM",25,Fair,39,33
"March 14, 2015 at 07:03AM",35,Cloudy,44,35
"March 15, 2015 at 07:01AM",40,Cloudy,45,28
"March 16, 2015 at 07:01AM",33,Fair,45,36
"March 17, 2015 at 06:59AM",36,Light Rain,50,25
"March 18, 2015 at 06:57AM",29,Fair,36,21
"March 19, 2015 at 06:54AM",25,Partly Cloudy,39,19
"March 20, 2015 at 06:54AM",25,Fair,35,28
"March 21, 2015 at 06:52AM",28,Cloudy,41,29
"March 22, 2015 at 06:50AM",34,Fair,34,19
"March 23, 2015 at 06:48AM",21,Fair,35,21
"March 24, 2015 at 06:46AM",24,Mostly Cloudy,39,25
"March 25, 2015 at 06:44AM",21,Fair,43,38
"March 26, 2015 at 06:44AM",38,Fog,50,40
"March 27, 2015 at 06:42AM",41,Light Rain,47,32
"March 28, 2015 at 06:40AM",36,Cloudy,36,26
"March 29, 2015 at 06:40AM",27,Cloudy,42,32
"March 30, 2015 at 06:37AM",36,Cloudy,47,34
"March 31, 2015 at 06:35AM",37,Partly Cloudy,44,30
"April 01, 2015 at 06:33AM",34,Partly Cloudy,47,32
"April 02, 2015 at 06:31AM",25,Fair,52,44
"April 03, 2015 at 06:31AM",45,Cloudy,55,47
"April 04, 2015 at 06:29AM",50,Fog,49,33
"April 05, 2015 at 06:27AM",36,Fair,48,37
"April 06, 2015 at 06:25AM",31,Partly Cloudy,53,44
"April 07, 2015 at 06:22AM",45,Cloudy,49,37
"April 08, 2015 at 06:22AM",40,Cloudy,44,35
"April 09, 2015 at 06:20AM",36,Cloudy,46,38
"April 10, 2015 at 06:18AM",38,Fog,54,44
"April 11, 2015 at 06:16AM",47,Mostly Cloudy,55,37
"April 12, 2015 at 06:16AM",34,Fair,58,40
"April 13, 2015 at 06:14AM",33,Fair,57,47
"April 14, 2015 at 06:12AM",51,Partly Cloudy,61,44
"April 15, 2015 at 06:10AM",49,Fair,64,40
"April 16, 2015 at 06:08AM",37,Fair,58,44
"April 17, 2015 at 06:08AM",47,Cloudy,61,46
"April 18, 2015 at 06:05AM",42,Fair,69,43
"April 19, 2015 at 06:05AM",43,Fair,57,42
"April 20, 2015 at 06:03AM",44,Cloudy,54,48
"April 21, 2015 at 06:01AM",53,Light Rain,63,45
"April 22, 2015 at 05:59AM",39,Fair,59,40
"April 23, 2015 at 05:59AM",41,Fair,53,36
"April 24, 2015 at 05:57AM",39,Cloudy,53,35
"April 25, 2015 at 05:55AM",36,Fair,58,39
"April 26, 2015 at 05:55AM",35,Fair,59,41
"April 27, 2015 at 05:53AM",49,Cloudy,61,43
"April 28, 2015 at 05:50AM",47,Fair,61,46
"April 29, 2015 at 05:50AM",53,Fair,69,43
"April 30, 2015 at 05:48AM",40,Fair,57,43
"May 01, 2015 at 05:48AM",47,Cloudy,56,42
"May 02, 2015 at 05:46AM",39,Fair,61,45
"May 03, 2015 at 05:44AM",47,Fair,68,48
"May 04, 2015 at 05:44AM",45,Fair,72,54
"May 05, 2015 at 05:42AM",56,Fair,74,53
"May 06, 2015 at 05:42AM",62,Mostly Cloudy,67,48
"May 07, 2015 at 05:40AM",42,Fair,72,50
"May 08, 2015 at 05:38AM",52,Fog,73,50
"May 09, 2015 at 05:38AM",53,Fog,68,55
"May 10, 2015 at 05:36AM",61,Fog,75,57
"May 11, 2015 at 05:33AM",63,Fair,77,58
"May 12, 2015 at 05:36AM",65,Cloudy,81,54
"May 13, 2015 at 05:33AM",58,Fair,67,48
"May 14, 2015 at 05:33AM",48,Fair,69,50
"May 15, 2015 at 05:31AM",43,Fair,71,54
"May 16, 2015 at 05:31AM",56,Cloudy,72,59
"May 17, 2015 at 05:29AM",56,Partly Cloudy,78,57
"May 18, 2015 at 05:29AM",58,Fog,62,53
"May 19, 2015 at 05:27AM",53,Light Rain,70,52
"May 20, 2015 at 05:27AM",55,Fair,66,45
"May 21, 2015 at 05:25AM",50,Fair,62,49
"May 22, 2015 at 05:25AM",52,Cloudy,72,43
"May 23, 2015 at 05:25AM",50,Fair,65,49
"May 24, 2015 at 05:23AM",51,Fair,74,55
"May 25, 2015 at 05:23AM",53,Fair,77,59
"May 26, 2015 at 05:23AM",59,Fair,78,59
"May 27, 2015 at 05:21AM",62,Fair,75,60
"May 28, 2015 at 05:21AM",61,Mostly Cloudy,77,58
"May 29, 2015 at 05:21AM",59,Fair,77,58
"May 30, 2015 at 05:21AM",63,Fair,78,61
"May 31, 2015 at 05:18AM",65,Mostly Cloudy,75,54
"June 01, 2015 at 05:18AM",51,Cloudy,60,52
"June 02, 2015 at 05:18AM",49,Cloudy,56,48
"June 03, 2015 at 05:18AM",47,Fair,68,49
"June 04, 2015 at 05:18AM",49,Fair,64,52
"June 05, 2015 at 05:18AM",51,Fair,66,55
"June 06, 2015 at 05:18AM",59,Cloudy,74,50
"June 07, 2015 at 05:16AM",52,Fair,70,53
"June 08, 2015 at 05:16AM",59,Cloudy,74,62
"June 09, 2015 at 05:16AM",62,Mostly Cloudy,77,59
"June 10, 2015 at 05:16AM",62,Fair,79,63
"June 11, 2015 at 05:16AM",66,Fair,84,63
"June 12, 2015 at 05:16AM",66,Fair,81,65
"June 13, 2015 at 05:16AM",68,Fair,82,60
"June 14, 2015 at 05:16AM",63,Fair,82,60
"June 15, 2015 at 05:16AM",66,Light Rain,68,59
"June 16, 2015 at 05:16AM",62,Cloudy,79,62
"June 17, 2015 at 05:16AM",67,Fair,77,56
"June 18, 2015 at 05:16AM",61,Mostly Cloudy,73,62
"June 19, 2015 at 05:16AM",65,Cloudy,83,60
"June 20, 2015 at 05:16AM",64,Cloudy,70,64
"June 21, 2015 at 05:16AM",69,Cloudy,83,67
"June 22, 2015 at 05:16AM",68,Fair,85,67
"June 23, 2015 at 05:16AM",66,Fair,84,62
"June 24, 2015 at 05:18AM",66,Fair,83,61
"June 25, 2015 at 05:18AM",57,Fair,82,63
"June 26, 2015 at 05:18AM",67,Cloudy,77,59
"June 27, 2015 at 05:18AM",58,Fair,70,62
"June 28, 2015 at 05:18AM",61,Rain,77,61
"June 29, 2015 at 05:18AM",60,Cloudy,77,61
"June 30, 2015 at 05:18AM",60,Fair,79,64
"July 01, 2015 at 05:21AM",70,Cloudy,80,63
"July 02, 2015 at 05:21AM",63,Fair,79,60
"July 03, 2015 at 05:21AM",64,Fair,80,61
"July 04, 2015 at 05:21AM",64,Fair,71,59
"July 05, 2015 at 05:23AM",57,Fog,82,65
"July 06, 2015 at 05:23AM",62,Fair,82,68
"July 07, 2015 at 05:23AM",71,Cloudy,81,69
"July 08, 2015 at 05:25AM",72,Fair,83,66
"July 09, 2015 at 05:25AM",70,Partly Cloudy,77,66
"July 10, 2015 at 05:25AM",67,Mostly Cloudy,84,64
"July 11, 2015 at 05:27AM",65,Partly Cloudy,85,65
"July 12, 2015 at 05:27AM",63,Fair,86,66
"July 13, 2015 at 05:27AM",67,Fair,82,65
"July 14, 2015 at 05:29AM",72,Mostly Cloudy,80,69
"July 15, 2015 at 05:29AM",74,Cloudy,82,62
"July 16, 2015 at 05:31AM",62,Mostly Cloudy,80,61
"July 17, 2015 at 05:31AM",58,Fair,79,67
"July 18, 2015 at 05:31AM",71,Cloudy,80,69
"July 19, 2015 at 05:33AM",70,Cloudy,87,71
"July 20, 2015 at 05:33AM",77,Fair,87,68
"July 21, 2015 at 05:36AM",71,Mostly Cloudy,89,65
"July 22, 2015 at 05:36AM",67,Fair,85,61
"July 23, 2015 at 05:36AM",66,Fair,83,61
"July 24, 2015 at 05:36AM",63,Partly Cloudy,82,62
"July 25, 2015 at 05:38AM",64,Fair,81,66
"July 26, 2015 at 05:38AM",72,Fair,83,67
"July 27, 2015 at 05:40AM",70,Light Rain with Thunder,79,68
"July 28, 2015 at 05:40AM",68,Fair,86,69
"July 29, 2015 at 05:42AM",69,Partly Cloudy,89,72
"July 30, 2015 at 05:42AM",76,Fair,83,68
"July 31, 2015 at 05:44AM",72,Fair,88,68
"August 01, 2015 at 05:44AM",66,Fair,86,64
"August 02, 2015 at 05:46AM",62,Fair,84,69
"August 03, 2015 at 05:46AM",71,Fair,85,71
"August 04, 2015 at 05:48AM",75,Light Rain with Thunder,86,66
"August 05, 2015 at 05:48AM",63,Fair,86,61
"August 06, 2015 at 05:50AM",63,Fair,82,62
"August 07, 2015 at 05:50AM",62,Fair,81,61
"August 08, 2015 at 05:50AM",61,Fair,81,62
"August 09, 2015 at 05:53AM",61,Fair,81,60
"August 10, 2015 at 05:53AM",62,Mostly Cloudy,79,67
"August 11, 2015 at 05:55AM",73,Cloudy,76,65
"August 12, 2015 at 05:55AM",69,Fair,82,61
"August 13, 2015 at 05:57AM",66,Fair,81,61
"August 14, 2015 at 05:57AM",58,Fair,84,65
"August 15, 2015 at 05:59AM",66,Fair,86,67
"August 16, 2015 at 05:59AM",71,Partly Cloudy,86,69
"August 17, 2015 at 06:01AM",69,Fair,88,70
"August 18, 2015 at 06:01AM",73,Fair,85,69
"August 19, 2015 at 06:03AM",72,Partly Cloudy,83,69
"August 20, 2015 at 06:03AM",75,Mostly Cloudy,81,68
"August 21, 2015 at 06:05AM",75,Mostly Cloudy,81,65
"August 22, 2015 at 06:05AM",66,Fair,84,67
"August 23, 2015 at 06:08AM",66,Mostly Cloudy,81,66
"August 24, 2015 at 06:08AM",71,Cloudy,81,69
"August 25, 2015 at 06:08AM",75,Cloudy,81,63
"August 26, 2015 at 06:10AM",65,Partly Cloudy,84,61
"August 27, 2015 at 06:10AM",64,Fair,81,60
"August 28, 2015 at 06:12AM",60,Cloudy,80,61
"August 29, 2015 at 06:12AM",57,Fair,81,65
"August 30, 2015 at 06:14AM",70,Fair,83,68
"August 31, 2015 at 06:14AM",75,Fair,88,68
"September 01, 2015 at 06:16AM",68,Fair,84,66
"September 02, 2015 at 06:16AM",64,Fair,85,67
"September 03, 2015 at 06:18AM",65,Partly Cloudy,86,68
"September 04, 2015 at 06:18AM",73,Partly Cloudy,80,58
"September 05, 2015 at 06:20AM",58,Fair,78,58
"September 06, 2015 at 06:20AM",58,Fair,81,62
"September 07, 2015 at 06:22AM",61,Fair,86,68
"September 08, 2015 at 06:22AM",75,Fair,88,69
"September 09, 2015 at 06:22AM",75,Partly Cloudy,85,69
"September 10, 2015 at 06:25AM",72,Cloudy,77,64
"September 11, 2015 at 06:25AM",63,Cloudy,80,62
"September 12, 2015 at 06:27AM",62,Fair,77,64
"September 13, 2015 at 06:27AM",66,Cloudy,77,56
"September 14, 2015 at 06:29AM",58,Partly Cloudy,76,56
"September 15, 2015 at 06:29AM",53,Fair,81,59
"September 16, 2015 at 06:31AM",57,Partly Cloudy,82,60
"September 17, 2015 at 06:31AM",58,Partly Cloudy,83,61
"September 18, 2015 at 06:33AM",59,Fair,81,62
"September 19, 2015 at 06:33AM",71,Mostly Cloudy,79,64
"September 21, 2015 at 06:35AM",51,Partly Cloudy,74,54
"September 22, 2015 at 06:37AM",58,Mostly Cloudy,74,52
"September 23, 2015 at 06:37AM",52,Fair,77,56
"September 24, 2015 at 06:37AM",56,Fair,79,55
"September 25, 2015 at 06:40AM",57,Fair,73,52
"September 26, 2015 at 06:40AM",55,Cloudy,71,49
"September 27, 2015 at 06:42AM",47,Fair,70,58
"September 28, 2015 at 06:42AM",56,Partly Cloudy,77,64
"September 29, 2015 at 06:44AM",68,Cloudy,78,66
"September 30, 2015 at 06:44AM",73,Light Rain,74,51
"October 01, 2015 at 06:46AM",55,Mostly Cloudy,65,48
"October 02, 2015 at 06:46AM",51,Light Rain,54,47
"October 03, 2015 at 06:48AM",48,Cloudy,52,49
"October 04, 2015 at 06:50AM",49,Fair,60,46
"October 05, 2015 at 06:50AM",47,Partly Cloudy,66,46
"October 06, 2015 at 06:52AM",46,Fair,71,51
"October 07, 2015 at 06:52AM",52,Fair,72,51
"October 08, 2015 at 06:54AM",47,Partly Cloudy,68,54
"October 09, 2015 at 06:54AM",63,Partly Cloudy,72,48
"October 10, 2015 at 06:54AM",50,Fair,63,45
"October 11, 2015 at 06:57AM",41,Fair,67,50
"October 12, 2015 at 06:57AM",56,Fair,72,56
"October 13, 2015 at 06:59AM",58,Mostly Cloudy,71,52
"October 14, 2015 at 06:59AM",57,Partly Cloudy,68,44
"October 15, 2015 at 07:01AM",48,Fair,63,50
"October 16, 2015 at 07:03AM",55,Mostly Cloudy,64,43
"October 17, 2015 at 07:03AM",46,Mostly Cloudy,53,33
"October 18, 2015 at 07:05AM",34,Fair,49,30
"October 19, 2015 at 07:05AM",23,Fair,50,43
"October 20, 2015 at 07:07AM",52,Partly Cloudy,66,50
"October 21, 2015 at 07:07AM",51,Fair,70,52
"October 22, 2015 at 07:09AM",59,Fair,70,45
"October 23, 2015 at 07:09AM",52,Fair,55,35
"October 24, 2015 at 07:12AM",34,Fair,54,48
"October 25, 2015 at 07:12AM",59,Cloudy,62,38
"October 26, 2015 at 07:14AM",35,Partly Cloudy,58,38
"October 27, 2015 at 07:14AM",37,Mostly Cloudy,58,46
"October 28, 2015 at 07:16AM",51,Cloudy,61,59
"October 29, 2015 at 07:16AM",65,Cloudy,68,44
"October 30, 2015 at 07:18AM",51,Fair,57,35
"October 31, 2015 at 07:20AM",31,Fair,56,46
"November 01, 2015 at 06:20AM",56,Light Rain,60,48
"November 02, 2015 at 06:22AM",44,Mostly Cloudy,63,44
"November 03, 2015 at 06:22AM",39,Fair,66,47
"November 04, 2015 at 06:24AM",43,Fair,65,49
"November 05, 2015 at 06:26AM",56,Fog,67,56
"November 06, 2015 at 06:26AM",62,Fog,68,54
"November 07, 2015 at 06:29AM",61,Partly Cloudy,62,41
"November 08, 2015 at 06:29AM",45,Fair,55,38
"November 09, 2015 at 06:31AM",31,Fair,58,45
"November 10, 2015 at 06:31AM",49,Cloudy,62,45
"November 11, 2015 at 06:33AM",46,Light Rain,52,43
"November 12, 2015 at 06:33AM",50,Cloudy,58,45
"November 13, 2015 at 06:33AM",49,Cloudy,53,38
"November 14, 2015 at 06:31AM",46,Mostly Cloudy,,
"November 15, 2015 at 06:37AM",40,Fair,55,42
"November 16, 2015 at 06:39AM",36,Fair,61,32
"November 17, 2015 at 06:39AM",32,Fair,50,35
"November 18, 2015 at 06:41AM",33,Cloudy,53,47
"November 19, 2015 at 06:44AM",56,Cloudy,59,49
"November 20, 2015 at 06:44AM",59,Cloudy,57,34
"November 21, 2015 at 06:46AM",40,Mostly Cloudy,50,43
"November 22, 2015 at 06:46AM",48,Cloudy,52,31
"November 23, 2015 at 06:46AM",35,Fair,42,29
"November 24, 2015 at 06:48AM",22,Fair,46,32
"November 25, 2015 at 06:50AM",28,Fair,49,40
"November 26, 2015 at 06:50AM",32,Partly Cloudy,57,47
"November 27, 2015 at 06:52AM",41,Fog,59,47
"November 28, 2015 at 06:52AM",48,Cloudy,55,36
"November 29, 2015 at 06:54AM",37,Partly Cloudy,48,29
"November 30, 2015 at 06:54AM",30,Partly Cloudy,46,35
"December 01, 2015 at 06:56AM",36,Cloudy,50,42
"December 02, 2015 at 06:56AM",40,Cloudy,52,43
"December 03, 2015 at 06:58AM",48,Mostly Cloudy,49,33
"December 04, 2015 at 06:58AM",29,Fair,49,32
"December 05, 2015 at 07:01AM",29,Fair,51,33
"December 06, 2015 at 07:01AM",24,Fair,52,34
"December 07, 2015 at 07:03AM",31,Fair,53,32
"December 08, 2015 at 07:03AM",40,Cloudy,47,33
"December 09, 2015 at 07:03AM",28,Partly Cloudy,52,43
"December 10, 2015 at 07:05AM",46,Mostly Cloudy,55,41
"December 11, 2015 at 07:05AM",45,Cloudy,57,43
"December 12, 2015 at 07:05AM",51,Fair,59,46
"December 13, 2015 at 07:07AM",53,Cloudy,57,46
"December 14, 2015 at 07:07AM",51,Fog,57,52
"December 15, 2015 at 07:09AM",61,Mostly Cloudy,58,38
"December 16, 2015 at 07:09AM",38,Fair,49,41
"December 17, 2015 at 07:09AM",50,Cloudy,55,44
"December 18, 2015 at 07:11AM",52,Cloudy,50,31
"December 19, 2015 at 07:11AM",37,Cloudy,42,26
"December 20, 2015 at 07:11AM",34,Cloudy,41,34
"December 21, 2015 at 07:11AM",44,Fair,52,47
"December 22, 2015 at 07:13AM",51,Cloudy,56,43
"December 23, 2015 at 07:13AM",41,Cloudy,56,54
"December 24, 2015 at 07:13AM",59,Light Rain,63,53
"December 25, 2015 at 07:13AM",48,Cloudy,58,43
"December 26, 2015 at 07:13AM",51,Cloudy,50,45
"December 27, 2015 at 07:16AM",49,Fog,60,35
"December 28, 2015 at 07:16AM",37,Mostly Cloudy,39,31
"December 29, 2015 at 07:16AM",32,Light Rain/Freezing Rain,47,36
"December 30, 2015 at 07:16AM",34,Cloudy,44,39
"December 31, 2015 at 07:16AM",34,Fair,45,32
"January 01, 2016 at 07:16AM",40,Cloudy,42,28
"January 02, 2016 at 07:16AM",32,Fair,40,31
"January 03, 2016 at 07:16AM",35,Fair,44,26
"January 04, 2016 at 07:16AM",31,Cloudy,31,12
"January 05, 2016 at 07:16AM",9,Partly Cloudy,29,20
"January 06, 2016 at 07:16AM",21,Fair,40,26
"January 07, 2016 at 07:16AM",18,Fair,43,26
"January 08, 2016 at 07:16AM",27,Partly Cloudy,43,34
"January 09, 2016 at 07:16AM",31,Partly Cloudy,47,40
"January 10, 2016 at 07:16AM",48,Rain,56,31
"January 11, 2016 at 07:16AM",33,Partly Cloudy,35,20
"January 12, 2016 at 07:16AM",19,Mostly Cloudy,43,25
"January 13, 2016 at 07:16AM",25,Fair,30,19
"January 14, 2016 at 07:13AM",23,Cloudy,35,30
"January 15, 2016 at 07:13AM",29,Cloudy,47,36
"January 16, 2016 at 07:13AM",37,Unknown Precipitation,46,28
"January 17, 2016 at 07:13AM",33,Fair,36,23
"January 18, 2016 at 07:11AM",27,Light Snow,30,18
"January 19, 2016 at 07:11AM",19,Partly Cloudy,27,22
"January 20, 2016 at 07:11AM",23,Fair,35,22
"January 21, 2016 at 07:11AM",25,Fair,34,18
"January 22, 2016 at 07:09AM",20,Fair,33,21
"January 23, 2016 at 07:09AM",30,Cloudy,31,22
"January 24, 2016 at 07:09AM",25,Fair,33,19
"January 25, 2016 at 07:07AM",19,Fair,36,30
"January 26, 2016 at 07:07AM",19,Mostly Cloudy,44,33
"January 27, 2016 at 07:05AM",38,Cloudy,41,26
"January 28, 2016 at 07:05AM",18,Fair,43,29
"January 29, 2016 at 07:03AM",30,Fair,41,25
"January 30, 2016 at 07:03AM",28,Fair,38,32
"January 31, 2016 at 07:03AM",38,Mostly Cloudy,45,38
"February 01, 2016 at 07:03AM",31,Fair,51,31
"February 02, 2016 at 07:01AM",37,Fair,47,35
"February 03, 2016 at 07:01AM",41,Cloudy,53,44
"February 04, 2016 at 06:58AM",50,Light Rain,52,31
"February 05, 2016 at 06:56AM",33,Light Snow,37,24
"February 06, 2016 at 06:56AM",18,Fair,40,29
"February 07, 2016 at 06:54AM",22,Fair,44,31
"February 08, 2016 at 06:54AM",36,Cloudy,36,20
"February 09, 2016 at 06:52AM",20,Mostly Cloudy,35,24
"February 10, 2016 at 06:52AM",28,Light Snow,39,23
"February 11, 2016 at 06:50AM",26,Cloudy,28,12
"February 13, 2016 at 06:48AM",20,Cloudy,17,-5
"February 14, 2016 at 06:48AM",-6,Fair,16,6
"February 15, 2016 at 06:46AM",2,Partly Cloudy,35,32
"February 16, 2016 at 06:44AM",41,Cloudy,53,31
"February 17, 2016 at 06:44AM",35,Cloudy,40,25
"February 18, 2016 at 06:41AM",30,Cloudy,32,19
"February 19, 2016 at 06:39AM",20,Fair,37,32
"February 20, 2016 at 06:37AM",41,Cloudy,49,37
"February 21, 2016 at 06:37AM",32,Fair,50,31
"February 22, 2016 at 06:35AM",32,Partly Cloudy,45,29
"February 23, 2016 at 06:33AM",36,Cloudy,39,34
"February 24, 2016 at 06:33AM",36,Wintry Mix,51,45
"February 25, 2016 at 06:31AM",47,Cloudy,48,30
"February 26, 2016 at 06:31AM",35,Cloudy,36,22
"February 27, 2016 at 06:29AM",25,Fair,39,32
"February 28, 2016 at 06:26AM",37,Fair,50,39
"February 29, 2016 at 06:24AM",41,Partly Cloudy,51,33
"March 01, 2016 at 06:22AM",36,Partly Cloudy,41,38
"March 02, 2016 at 06:22AM",47,Light Rain,45,24
"March 03, 2016 at 06:20AM",24,Fair,35,26
"March 04, 2016 at 06:18AM",27,Light Snow,36,26
"March 05, 2016 at 06:16AM",27,Fair,40,28
"March 06, 2016 at 06:16AM",30,Mostly Cloudy,43,30
"March 07, 2016 at 06:14AM",37,Partly Cloudy,49,36
"March 08, 2016 at 06:12AM",34,Fair,55,39
"March 09, 2016 at 06:12AM",39,Fog,61,44
"March 10, 2016 at 06:09AM",57,Mostly Cloudy,62,46
"March 11, 2016 at 06:07AM",54,Cloudy,57,34
"March 12, 2016 at 06:05AM",33,Partly Cloudy,54,41
"March 13, 2016 at 07:03AM",54,Fair,56,38
"March 14, 2016 at 07:01AM",48,Cloudy,48,40
"March 15, 2016 at 07:01AM",42,Fog,52,41
"March 16, 2016 at 06:59AM",42,Fair,58,41
"March 17, 2016 at 06:57AM",37,Partly Cloudy,59,41
"March 18, 2016 at 06:54AM",44,Fair,53,29
"March 19, 2016 at 06:54AM",34,Fair,45,27
"March 20, 2016 at 06:52AM",29,Fair,40,29
"March 21, 2016 at 06:50AM",31,Light Snow,47,30
"March 22, 2016 at 06:48AM",34,Fair,49,42
"March 23, 2016 at 06:46AM",41,Partly Cloudy,60,41
"March 24, 2016 at 06:44AM",42,Fair,49,45
"March 25, 2016 at 06:44AM",51,Cloudy,60,35
"March 26, 2016 at 06:42AM",36,Fair,50,34
"March 27, 2016 at 06:40AM",41,Cloudy,49,39
"March 28, 2016 at 06:37AM",41,Rain,51,39
"March 29, 2016 at 06:37AM",45,Mostly Cloudy,49,32
"March 30, 2016 at 06:35AM",31,Fair,52,42
"March 31, 2016 at 06:33AM",36,Mostly Cloudy,61,52
"April 01, 2016 at 06:31AM",54,Cloudy,59,46
"April 02, 2016 at 06:29AM",50,Cloudy,51,34
"April 03, 2016 at 06:29AM",35,Light Snow,40,30
"April 04, 2016 at 06:27AM",34,Light Snow,42,25
"April 05, 2016 at 06:25AM",24,Mostly Cloudy,37,23
"April 06, 2016 at 06:22AM",24,Partly Cloudy,43,39
"April 07, 2016 at 06:22AM",52,Mostly Cloudy,53,41
"April 08, 2016 at 06:20AM",45,Partly Cloudy,48,33
"April 09, 2016 at 06:18AM",29,Partly Cloudy,43,25
"April 10, 2016 at 06:16AM",31,Fair,47,38
"April 11, 2016 at 06:16AM",44,Cloudy,50,48
"April 13, 2016 at 06:14AM",37,Clear,53,36
"April 14, 2016 at 06:13AM",39,Partly Cloudy,55,38
"April 15, 2016 at 06:11AM",34,Clear,57,36
"April 16, 2016 at 06:10AM",35,Clear,58,39
"April 17, 2016 at 06:08AM",37,Clear,64,39
"April 18, 2016 at 06:06AM",40,Mostly Clear,70,44
"April 19, 2016 at 06:05AM",46,Mostly Cloudy,64,48
"April 20, 2016 at 06:03AM",48,Clear,60,42
"April 21, 2016 at 06:02AM",37,Clear,65,42
"April 22, 2016 at 06:01AM",55,Cloudy,71,53
"April 23, 2016 at 05:59AM",60,Rain,66,51
"April 24, 2016 at 05:58AM",44,Clear,60,40
"April 25, 2016 at 05:56AM",49,Partly Cloudy,62,42
"April 26, 2016 at 05:55AM",50,Heavy Rain,52,44
"April 27, 2016 at 05:53AM",38,Partly Cloudy,58,39
"April 28, 2016 at 05:52AM",44,Partly Cloudy,55,38
"April 29, 2016 at 05:51AM",46,Cloudy,54,42
"April 30, 2016 at 05:49AM",44,Mostly Cloudy,58,41
"May 01, 2016 at 05:48AM",45,Cloudy,51,44
"May 02, 2016 at 05:47AM",43,Cloudy,56,44
"May 03, 2016 at 05:46AM",50,Rain,55,48
"May 04, 2016 at 05:44AM",49,Mostly Cloudy,53,47
"May 05, 2016 at 05:43AM",46,Cloudy,52,44
"May 06, 2016 at 05:42AM",49,Cloudy,54,47
"May 07, 2016 at 05:41AM",49,Cloudy,59,48
"May 08, 2016 at 05:40AM",48,Partly Cloudy,61,49
"May 09, 2016 at 05:39AM",49,Clear,66,48
"May 10, 2016 at 05:37AM",43,Clear,64,43
"May 11, 2016 at 05:36AM",43,Clear,69,47
"May 12, 2016 at 05:35AM",50,Clear,68,51
"May 13, 2016 at 05:34AM",53,Cloudy,63,50
"May 14, 2016 at 05:33AM",53,Clear,69,54
"May 15, 2016 at 05:32AM",52,Partly Cloudy,59,48
"May 16, 2016 at 05:31AM",42,Clear,62,42
"May 17, 2016 at 05:30AM",50,Partly Cloudy,65,50
"May 18, 2016 at 05:30AM",45,Partly Cloudy,64,50
"May 19, 2016 at 05:29AM",53,Mostly Cloudy,67,50
"May 20, 2016 at 05:28AM",46,Clear,73,50
"May 21, 2016 at 05:27AM",49,Mostly Cloudy,66,52
"May 22, 2016 at 05:26AM",55,Showers,68,53
"May 23, 2016 at 05:26AM",49,Mostly Clear,72,52
"May 24, 2016 at 05:25AM",56,Showers,66,56
"May 25, 2016 at 05:24AM",51,Mostly Clear,82,54
"May 26, 2016 at 05:24AM",61,Partly Cloudy,82,61
"May 27, 2016 at 05:23AM",61,Partly Cloudy,78,61
"May 28, 2016 at 05:22AM",65,Partly Cloudy,82,65
"May 29, 2016 at 05:22AM",66,Mostly Clear,81,66
"May 30, 2016 at 05:21AM",66,Scattered Showers,72,65
"May 31, 2016 at 05:21AM",68,Cloudy,82,65
"June 01, 2016 at 05:21AM",60,Partly Cloudy,77,61
"June 02, 2016 at 05:20AM",58,Mostly Clear,69,57
"June 03, 2016 at 05:20AM",60,Cloudy,70,58
"June 04, 2016 at 05:19AM",63,Mostly Cloudy,79,60
"June 05, 2016 at 05:19AM",65,Scattered Showers,68,63
"June 06, 2016 at 05:19AM",65,Mostly Clear,82,64
"June 07, 2016 at 05:19AM",67,Mostly Cloudy,79,65
"June 08, 2016 at 05:18AM",61,Clear,68,56
"June 09, 2016 at 05:18AM",55,Clear,71,52
"June 10, 2016 at 05:18AM",53,Clear,73,52
"June 11, 2016 at 05:18AM",49,Partly Cloudy,72,53
"June 12, 2016 at 05:18AM",63,Clear,75,60
"June 13, 2016 at 05:18AM",55,Breezy,76,54
"June 14, 2016 at 05:18AM",57,Clear,78,54
"June 15, 2016 at 05:18AM",55,Clear,82,58
"June 16, 2016 at 05:18AM",63,Cloudy,77,60
"June 17, 2016 at 05:18AM",62,Cloudy,74,59
"June 18, 2016 at 05:18AM",58,Clear,81,56
"June 19, 2016 at 05:18AM",57,Partly Cloudy,77,58
"June 20, 2016 at 05:19AM",61,Clear,77,59
"June 21, 2016 at 05:19AM",67,Partly Cloudy,85,67
"June 22, 2016 at 05:19AM",58,Mostly Clear,80,60
"June 23, 2016 at 05:19AM",57,Mostly Clear,76,58
"June 24, 2016 at 05:20AM",62,Clear,79,62
"June 25, 2016 at 05:20AM",57,Clear,80,57
"June 26, 2016 at 05:20AM",57,Clear,82,60
"June 27, 2016 at 05:21AM",64,Mostly Clear,79,62
"June 28, 2016 at 05:21AM",70,Mostly Cloudy,75,67
"June 29, 2016 at 05:22AM",69,Scattered Showers,82,65
"June 30, 2016 at 05:22AM",67,Clear,83,64
"July 01, 2016 at 05:23AM",64,Clear,78,64
"July 02, 2016 at 05:23AM",68,Mostly Clear,80,64
"July 03, 2016 at 05:24AM",57,Partly Cloudy,82,60
"July 04, 2016 at 05:24AM",61,Partly Cloudy,83,62
"July 05, 2016 at 05:25AM",68,Heavy Rain,82,67
"July 06, 2016 at 05:26AM",70,Clear,89,68
"July 07, 2016 at 05:26AM",70,Partly Cloudy,86,70
"July 08, 2016 at 05:27AM",71,Partly Cloudy,84,70
"July 09, 2016 at 05:28AM",65,Cloudy,72,62
"July 10, 2016 at 05:28AM",64,Cloudy,76,64
"July 11, 2016 at 05:29AM",61,Partly Cloudy,78,63
"July 12, 2016 at 05:30AM",64,Clear,81,62
"July 13, 2016 at 05:31AM",70,Partly Cloudy,83,67
"July 14, 2016 at 05:31AM",73,Mostly Cloudy,83,71
"July 15, 2016 at 05:32AM",70,Mostly Clear,87,70
"July 16, 2016 at 05:33AM",69,Mostly Clear,88,69
"July 17, 2016 at 05:34AM",73,Mostly Cloudy,86,70
"July 18, 2016 at 05:35AM",71,Partly Cloudy,89,71
"July 19, 2016 at 05:35AM",72,Partly Cloudy,84,69
"July 20, 2016 at 05:36AM",58,Clear,82,61
"July 21, 2016 at 05:37AM",60,Clear,86,65
"July 22, 2016 at 05:38AM",71,Partly Cloudy,89,70
"July 23, 2016 at 05:39AM",72,Clear,92,73
"July 24, 2016 at 05:40AM",69,Clear,90,69
"July 25, 2016 at 05:41AM",69,Partly Cloudy,87,71
"July 26, 2016 at 05:42AM",71,Clear,90,73
"July 27, 2016 at 05:43AM",69,Clear,88,69
"July 28, 2016 at 05:44AM",68,Clear,88,69
"July 29, 2016 at 05:45AM",74,Rain,76,70
"July 30, 2016 at 05:46AM",70,Partly Cloudy,82,69
"July 31, 2016 at 05:47AM",74,Cloudy,76,71
"August 01, 2016 at 05:48AM",68,Mostly Cloudy,77,68
"August 02, 2016 at 05:49AM",68,Mostly Cloudy,77,67
"August 03, 2016 at 05:50AM",59,Clear,79,62
"August 04, 2016 at 05:51AM",57,Clear,80,60
"August 05, 2016 at 05:52AM",62,Clear,82,62
"August 06, 2016 at 05:53AM",72,Clear,85,71
"August 07, 2016 at 05:54AM",66,Clear,86,66
"August 08, 2016 at 05:55AM",64,Mostly Clear,85,65
"August 09, 2016 at 05:56AM",60,Clear,86,64
"August 10, 2016 at 05:57AM",74,Mostly Cloudy,80,71
"August 11, 2016 at 05:58AM",76,Partly Cloudy,86,74
"August 12, 2016 at 05:59AM",75,Partly Cloudy,89,76
"August 13, 2016 at 06:00AM",78,Partly Cloudy,91,76
"August 14, 2016 at 06:01AM",75,Clear,93,78
"August 15, 2016 at 06:02AM",75,Partly Cloudy,89,74
"August 16, 2016 at 06:03AM",70,Mostly Cloudy,84,72
"August 17, 2016 at 06:04AM",78,Partly Cloudy,87,75
"August 18, 2016 at 06:05AM",70,Cloudy,83,69
"August 19, 2016 at 06:06AM",71,Partly Cloudy,85,69
"August 20, 2016 at 06:07AM",69,Partly Cloudy,82,68
"August 21, 2016 at 06:08AM",74,Showers,81,71
"August 22, 2016 at 06:09AM",67,Partly Cloudy,80,66
"August 23, 2016 at 06:10AM",53,Clear,79,57
"August 24, 2016 at 06:11AM",60,Clear,85,62
"August 25, 2016 at 06:12AM",70,Partly Cloudy,83,67
"August 26, 2016 at 06:13AM",74,Partly Cloudy,87,73
"August 27, 2016 at 06:14AM",68,Clear,85,68
"August 28, 2016 at 06:15AM",65,Mostly Clear,82,66
"August 29, 2016 at 06:16AM",74,Partly Cloudy,87,70
"August 30, 2016 at 06:17AM",62,Clear,81,63
"August 31, 2016 at 06:18AM",72,Mostly Cloudy,84,69
"September 01, 2016 at 06:19AM",72,Cloudy,80,68
"September 02, 2016 at 06:19AM",62,Mostly Sunny,81,61
"September 03, 2016 at 06:20AM",62,Cloudy,74,61
"September 04, 2016 at 06:21AM",57,Sunny,78,62
"September 05, 2016 at 06:22AM",59,Mostly Cloudy,80,65
"September 06, 2016 at 06:23AM",67,Cloudy/Wind,76,66
"September 07, 2016 at 06:24AM",69,Cloudy,81,68
"September 08, 2016 at 06:25AM",67,Partly Cloudy,85,74
"September 09, 2016 at 06:26AM",72,Mostly Cloudy,89,70
"September 10, 2016 at 06:27AM",72,Cloudy,85,74
"September 11, 2016 at 06:28AM",75,Cloudy,82,56
"September 12, 2016 at 06:29AM",54,Sunny,77,56
"September 13, 2016 at 06:30AM",54,Sunny,79,66
"September 14, 2016 at 06:31AM",66,Sunny,86,55
"September 15, 2016 at 06:32AM",54,Mostly Sunny,74,53
"September 16, 2016 at 06:33AM",52,Partly Cloudy,72,53
"September 17, 2016 at 06:34AM",49,Partly Cloudy,76,67
"September 18, 2016 at 06:35AM",70,Cloudy,81,71
"September 19, 2016 at 06:36AM",72,Isolated Thunderstorms,75,66
"September 20, 2016 at 06:37AM",67,Cloudy,83,65
"September 21, 2016 at 06:38AM",63,Partly Cloudy,84,60
"September 22, 2016 at 06:39AM",57,Mostly Sunny,81,57
"September 23, 2016 at 06:40AM",55,Sunny,84,57
"September 24, 2016 at 06:41AM",55,Cloudy,71,48
"September 25, 2016 at 06:42AM",46,Sunny,69,43
"September 26, 2016 at 06:43AM",41,Sunny,69,62
"September 27, 2016 at 06:44AM",66,Cloudy,73,55
"September 28, 2016 at 06:45AM",58,Cloudy,67,57
"September 29, 2016 at 06:46AM",56,Cloudy,67,55
"September 30, 2016 at 06:47AM",56,Cloudy,58,56
"October 01, 2016 at 06:48AM",51,Cloudy,62,55
"October 02, 2016 at 06:49AM",53,Cloudy,66,57
"October 03, 2016 at 06:50AM",57,Cloudy,72,55
"October 04, 2016 at 06:51AM",57,Cloudy,67,47
"October 05, 2016 at 06:52AM",47,Sunny,69,46
"October 06, 2016 at 06:54AM",48,Mostly Cloudy,72,49
"October 07, 2016 at 06:55AM",46,Partly Cloudy,73,53
"October 08, 2016 at 06:56AM",48,Sunny,70,58
"October 09, 2016 at 06:57AM",56,Rain,58,44
"October 10, 2016 at 06:58AM",45,Sunny,60,39
"October 11, 2016 at 06:59AM",38,Sunny,63,45
"October 12, 2016 at 07:00AM",41,Clear,65,54
"October 13, 2016 at 07:01AM",56,Cloudy,68,43
"October 14, 2016 at 07:02AM",46,Clear,63,38
"October 15, 2016 at 07:04AM",41,Clear,61,47
"October 16, 2016 at 07:05AM",45,Clear,69,60
"October 17, 2016 at 07:06AM",61,Mostly Cloudy,76,61
"October 18, 2016 at 07:07AM",59,Partly Cloudy,77,65
"October 19, 2016 at 07:08AM",66,Partly Cloudy,81,53
"October 20, 2016 at 07:09AM",54,Mostly Clear,69,61
"October 21, 2016 at 07:10AM",66,Showers,72,55
"October 22, 2016 at 07:12AM",56,Cloudy,56,43
"October 23, 2016 at 07:13AM",46,Clear,60,47
"October 24, 2016 at 07:14AM",50,Partly Cloudy,59,39
"October 25, 2016 at 07:15AM",40,Clear,53,34
"October 26, 2016 at 07:16AM",36,Clear,50,33
"October 27, 2016 at 07:17AM",36,Snow Showers,48,46
"October 28, 2016 at 07:19AM",44,Partly Cloudy,50,38
"October 29, 2016 at 07:20AM",37,Clear,59,55
"October 30, 2016 at 07:21AM",58,Partly Cloudy,67,41
"October 31, 2016 at 07:22AM",44,Mostly Cloudy,54,34
"November 01, 2016 at 07:23AM",34,Mostly Sunny,56,48
"November 02, 2016 at 07:25AM",52,Clear,67,53
"November 03, 2016 at 07:26AM",51,Mostly Cloudy,70,47
"November 04, 2016 at 07:27AM",49,Clear,56,34
"November 05, 2016 at 07:28AM",37,Clear,60,43
"November 06, 2016 at 06:29AM",49,Clear,54,35
"November 07, 2016 at 06:31AM",37,Clear,53,35
"November 08, 2016 at 06:32AM",34,Clear,64,46
"November 09, 2016 at 06:33AM",44,Mostly Cloudy,60,36
"November 10, 2016 at 06:34AM",40,Clear,55,45
"November 11, 2016 at 06:36AM",47,Clear,58,32
"November 12, 2016 at 06:37AM",35,Clear,50,35
"November 13, 2016 at 06:38AM",35,Mostly Sunny,58,36
"November 14, 2016 at 06:39AM",37,Partly Cloudy,60,44
"November 15, 2016 at 06:40AM",47,Rain,49,42
"November 16, 2016 at 06:41AM",46,Cloudy,60,42
"November 17, 2016 at 06:43AM",45,Sunny,59,39
"November 18, 2016 at 06:44AM",39,Sunny,62,39
"November 19, 2016 at 06:45AM",39,Sunny,57,39
"November 20, 2016 at 06:46AM",36,Cloudy,44,33
"November 21, 2016 at 06:47AM",33,Cloudy,40,32
"November 22, 2016 at 06:48AM",34,Partly Cloudy,42,30
"November 23, 2016 at 06:49AM",32,Partly Cloudy,44,33
"November 24, 2016 at 06:51AM",35,Cloudy,50,40
"November 25, 2016 at 06:52AM",40,Cloudy,53,38
"November 26, 2016 at 06:53AM",41,Mostly Cloudy,50,33
"November 27, 2016 at 06:54AM",37,Sunny,48,29
"November 28, 2016 at 06:55AM",32,Sunny,49,41
"November 29, 2016 at 06:56AM",45,Cloudy,57,50
"November 30, 2016 at 06:57AM",49,Mostly Cloudy,54,50
"December 01, 2016 at 06:58AM",49,Partly Cloudy,55,36
"December 02, 2016 at 06:59AM",37,Partly Cloudy,50,36
"December 03, 2016 at 07:00AM",40,Partly Cloudy,45,30
"December 04, 2016 at 07:01AM",32,Clear,42,29
"December 05, 2016 at 07:02AM",34,Rain/Snow,46,32
"December 06, 2016 at 07:03AM",31,Mostly Clear,46,36
"December 07, 2016 at 07:04AM",37,Cloudy,45,32
"December 08, 2016 at 07:05AM",33,Cloudy,46,30
"December 09, 2016 at 07:06AM",32,Clear,37,24
"December 10, 2016 at 07:06AM",22,Clear,35,24
"December 11, 2016 at 07:07AM",19,Clear,36,32
"December 12, 2016 at 07:08AM",39,Light Rain,46,29
"December 13, 2016 at 07:09AM",33,Mostly Cloudy,40,29
"December 14, 2016 at 07:09AM",33,Clear,41,25
"December 15, 2016 at 07:10AM",27,Clear,26,11
"December 16, 2016 at 07:11AM",13,Clear,26,22
"December 17, 2016 at 07:11AM",25,Snow,38,36
"December 18, 2016 at 07:12AM",45,Showers,54,19
"December 19, 2016 at 07:13AM",21,Partly Cloudy,29,16
"December 20, 2016 at 07:13AM",14,Mostly Cloudy,33,25
"December 21, 2016 at 07:14AM",24,Partly Cloudy,41,30
"December 22, 2016 at 07:14AM",31,Cloudy,43,29
"December 23, 2016 at 07:15AM",32,Clear,44,35
"December 24, 2016 at 07:15AM",40,Rain,44,32
"December 25, 2016 at 07:15AM",31,Clear,44,22
"December 26, 2016 at 07:16AM",24,Mostly Cloudy,43,42
"December 27, 2016 at 07:16AM",50,Cloudy,53,31
"December 28, 2016 at 07:16AM",36,Cloudy,41,29
"December 29, 2016 at 07:16AM",30,Cloudy,44,33
"December 30, 2016 at 07:17AM",33,Sunny,40,27
"December 31, 2016 at 07:17AM",28,Clear,41,36
"January 01, 2017 at 07:17AM",39,Mostly Clear,44,28
"January 02, 2017 at 07:17AM",27,Partly Cloudy,42,37
"January 03, 2017 at 07:17AM",37,Cloudy,42,39
"January 04, 2017 at 07:17AM",40,Cloudy,51,26
"January 05, 2017 at 07:17AM",27,Sunny,34,26
"January 06, 2017 at 07:17AM",27,Light Snow,32,19
"January 07, 2017 at 07:17AM",20,Cloudy,24,16
"January 08, 2017 at 07:17AM",13,Partly Cloudy,24,9
"January 09, 2017 at 07:16AM",8,Clear,24,15
"January 10, 2017 at 07:16AM",11,Cloudy,38,36
"January 11, 2017 at 07:16AM",44,Cloudy,47,39
"January 12, 2017 at 07:16AM",46,Cloudy,53,40
"January 13, 2017 at 07:15AM",47,Mostly Clear,47,21
"January 14, 2017 at 07:15AM",24,Mostly Cloudy,33,27
"January 15, 2017 at 07:14AM",22,Clear,39,21
"January 16, 2017 at 07:14AM",20,Clear,40,32
"January 17, 2017 at 07:13AM",35,Cloudy,40,35
"January 18, 2017 at 07:13AM",37,Cloudy,39,35
"January 19, 2017 at 07:12AM",34,Mostly Cloudy,48,29
"January 20, 2017 at 07:12AM",38,Cloudy,43,38
"January 21, 2017 at 07:11AM",39,Cloudy,50,41
"January 22, 2017 at 07:11AM",40,Fog,50,38
"January 23, 2017 at 07:10AM",39,Cloudy,39,36
"January 24, 2017 at 07:09AM",36,Cloudy,39,34
"January 25, 2017 at 07:08AM",34,Partly Cloudy,47,37
"January 26, 2017 at 07:08AM",39,Rain Shower,49,34
"January 27, 2017 at 07:07AM",39,Partly Cloudy,43,31
"January 28, 2017 at 07:06AM",33,Clear,40,30
"January 29, 2017 at 07:05AM",35,Mostly Cloudy,41,25
"January 30, 2017 at 07:04AM",25,Mostly Cloudy,36,20
"January 31, 2017 at 07:03AM",20,Mostly Cloudy,32,30
"February 01, 2017 at 07:02AM",25,Mostly Cloudy,44,26
"February 01, 2017 at 07:02AM",25,Mostly Cloudy,44,26
"February 02, 2017 at 07:01AM",31,Partly Cloudy,40,20
"February 03, 2017 at 07:00AM",24,Clear,34,19
"February 04, 2017 at 06:59AM",20,Clear,34,25
"February 05, 2017 at 06:58AM",30,Partly Cloudy,39,29
"February 06, 2017 at 06:57AM",35,Partly Cloudy,39,33
"February 07, 2017 at 06:56AM",33,Rain Shower,39,37
"February 08, 2017 at 06:55AM",34,Mostly Cloudy,56,30
"February 09, 2017 at 06:53AM",30,Snow,30,12
"February 10, 2017 at 06:52AM",14,Clear,30,24
"February 11, 2017 at 06:51AM",30,Cloudy,42,28
"February 12, 2017 at 06:50AM",26,Cloudy,37,33
"February 13, 2017 at 06:49AM",34,Mostly Cloudy,35,21
"February 14, 2017 at 06:47AM",22,Partly Cloudy,35,31
"February 15, 2017 at 06:46AM",28,Mostly Cloudy,43,27
"February 16, 2017 at 06:45AM",31,Fair,36,22
"February 17, 2017 at 06:43AM",23,Clear,39,26
"February 18, 2017 at 06:42AM",26,Partly Cloudy,49,37
"February 19, 2017 at 06:40AM",38,Mostly Cloudy,58,32
"February 20, 2017 at 06:39AM",38,Fair,44,22
"February 21, 2017 at 06:37AM",28,Partly Cloudy,43,36
"February 22, 2017 at 06:36AM",40,Mostly Cloudy,51,38
"February 23, 2017 at 06:35AM",37,Cloudy,56,45
"February 24, 2017 at 06:33AM",42,Fog,61,47
"February 25, 2017 at 06:32AM",51,Fog,57,34
"February 26, 2017 at 06:30AM",36,Clear,44,31
"February 27, 2017 at 06:29AM",31,Clear,50,37
"February 28, 2017 at 06:27AM",38,Cloudy,55,46
"March 01, 2017 at 06:25AM",49,Cloudy,61,45
"March 02, 2017 at 06:24AM",48,Fair,48,25
"March 03, 2017 at 06:22AM",27,Fair,36,16
"March 04, 2017 at 06:21AM",18,Clear,28,10
"March 05, 2017 at 06:19AM",11,Clear,34,17
"March 06, 2017 at 06:18AM",18,Clear,40,32
"March 07, 2017 at 06:16AM",38,Rain Shower,47,45
"March 08, 2017 at 06:14AM",47,Cloudy,57,39
"March 09, 2017 at 06:13AM",49,Clear,51,30
"March 10, 2017 at 06:11AM",32,Snow Shower,37,16
"March 11, 2017 at 06:09AM",15,Fair,28,13
"March 12, 2017 at 07:07AM",13,Clear,31,12
"March 13, 2017 at 07:06AM",16,Clear,33,25
"March 14, 2017 at 07:04AM",27,Snow,36,19
"March 15, 2017 at 07:02AM",18,Clear,28,19
"March 16, 2017 at 07:01AM",23,Clear,34,19
"March 17, 2017 at 06:59AM",24,Clear,41,21
"March 18, 2017 at 06:57AM",24,Clear,43,32
"March 19, 2017 at 06:56AM",32,Cloudy,40,25
"March 20, 2017 at 06:54AM",31,Clear,48,33
"March 21, 2017 at 06:52AM",37,Cloudy,51,33
"March 22, 2017 at 06:51AM",38,Clear,37,17
"March 23, 2017 at 06:49AM",19,Clear,39,27
"March 24, 2017 at 06:47AM",31,Cloudy,46,41
"March 25, 2017 at 06:45AM",40,Partly Cloudy,51,34
"March 26, 2017 at 06:44AM",35,Cloudy,44,37
"March 27, 2017 at 06:42AM",37,Cloudy,51,41
"March 28, 2017 at 06:40AM",40,Rain,47,41
"March 29, 2017 at 06:39AM",43,Cloudy,54,31
"March 30, 2017 at 06:37AM",34,Clear,50,37
"March 31, 2017 at 06:35AM",37,Rain,38,35
"April 01, 2017 at 06:34AM",36,Cloudy,41,34
"April 02, 2017 at 06:32AM",40,Cloudy,58,38
"April 03, 2017 at 06:30AM",38,Partly Cloudy,58,44
"April 04, 2017 at 06:29AM",47,Rain,51,42
"April 05, 2017 at 06:27AM",41,Cloudy,56,38
"April 06, 2017 at 06:25AM",40,Cloudy,53,43
"April 07, 2017 at 06:24AM",45,Partly Cloudy,48,34
"April 08, 2017 at 06:22AM",40,Cloudy,54,36
"April 09, 2017 at 06:21AM",35,Clear,61,42
"April 10, 2017 at 06:19AM",40,Clear,63,48
"April 11, 2017 at 06:17AM",47,Fair,69,49
"April 12, 2017 at 06:16AM",49,Clear,68,42
"April 13, 2017 at 06:14AM",44,Clear,61,40
"April 14, 2017 at 06:13AM",43,Partly Cloudy,61,40
"April 15, 2017 at 06:11AM",41,Clear,59,52
"April 16, 2017 at 06:10AM",50,Partly Cloudy,79,58
"April 17, 2017 at 06:08AM",59,Partly Cloudy,70,42
"April 18, 2017 at 06:06AM",46,Clear,61,38
"April 19, 2017 at 06:05AM",41,Partly Cloudy,51,46
"April 20, 2017 at 06:04AM",47,Cloudy,64,47
"April 21, 2017 at 06:02AM",49,Cloudy,52,46
"April 22, 2017 at 06:01AM",47,Cloudy,58,43
"April 23, 2017 at 05:59AM",45,Partly Cloudy,62,42
"April 24, 2017 at 05:58AM",41,Clear,59,47
"April 25, 2017 at 05:56AM",51,Rain Shower,55,52
"April 26, 2017 at 05:55AM",50,Cloudy,61,52
"April 27, 2017 at 05:54AM",56,Cloudy,64,53
"April 27, 2017 at 05:54AM",56,Cloudy,65,53
"April 28, 2017 at 05:52AM",56,Rain Shower,77,55
"April 29, 2017 at 05:51AM",59,Light Rain,80,51
"April 30, 2017 at 05:50AM",55,Clear,58,48
"May 01, 2017 at 05:48AM",46,Fog,66,58
"May 02, 2017 at 05:47AM",60,Cloudy,70,49
"May 03, 2017 at 05:46AM",57,Partly Cloudy,61,41
"May 04, 2017 at 05:45AM",42,Clear,61,47
"May 05, 2017 at 05:43AM",48,Rain,60,56
"May 06, 2017 at 05:42AM",60,Cloudy,62,48
"May 07, 2017 at 05:41AM",52,Cloudy,57,41
"May 08, 2017 at 05:40AM",42,Clear,57,40
"May 09, 2017 at 05:39AM",43,Cloudy,56,42
"May 10, 2017 at 05:38AM",42,Mostly Cloudy,60,45
"May 11, 2017 at 05:37AM",41,Mostly Cloudy,62,46
"May 12, 2017 at 05:36AM",49,Cloudy,59,46
"May 13, 2017 at 05:35AM",50,Cloudy,51,43
"May 14, 2017 at 05:34AM",43,Cloudy,64,49
"May 15, 2017 at 05:33AM",54,Light Rain,63,51
"May 16, 2017 at 05:32AM",54,Clear,77,55
"May 17, 2017 at 05:31AM",55,Clear,81,63
"May 18, 2017 at 05:30AM",66,Partly Cloudy,87,66
"May 19, 2017 at 05:29AM",67,Clear,85,51
"May 20, 2017 at 05:28AM",58,Cloudy,67,46
"May 21, 2017 at 05:27AM",47,Clear,66,52
"May 22, 2017 at 05:26AM",52,Rain,57,54
"May 23, 2017 at 05:26AM",53,Mostly Cloudy,73,56
"May 24, 2017 at 05:25AM",56,Partly Cloudy,66,54
"May 25, 2017 at 05:24AM",56,Cloudy,59,52
"May 26, 2017 at 05:24AM",51,Rain,71,53
"May 27, 2017 at 05:23AM",55,Partly Cloudy,70,53
"May 28, 2017 at 05:23AM",57,Cloudy,66,54
"May 29, 2017 at 05:22AM",55,Cloudy,59,51
"May 30, 2017 at 05:21AM",53,Cloudy,61,55
"May 31, 2017 at 05:21AM",55,Fog,67,57
"June 01, 2017 at 05:20AM",57,Mostly Cloudy,76,52
"June 02, 2017 at 05:20AM",54,Clear,72,51
"June 03, 2017 at 05:19AM",49,Clear,71,52
"June 04, 2017 at 05:19AM",53,Clear,70,56
"June 05, 2017 at 05:19AM",56,Cloudy,68,54
"June 06, 2017 at 05:19AM",54,Cloudy,54,49
"June 07, 2017 at 05:18AM",51,Cloudy,70,49
"June 08, 2017 at 05:18AM",49,Clear,69,49
"June 09, 2017 at 05:18AM",49,Clear,78,58
"June 10, 2017 at 05:18AM",57,Clear,81,64
"June 11, 2017 at 05:18AM",63,Clear,92,65
"June 12, 2017 at 05:18AM",67,Clear,94,69
"June 13, 2017 at 05:18AM",69,Clear,94,65
"June 14, 2017 at 05:18AM",74,Cloudy,82,53
"June 15, 2017 at 05:18AM",57,Clear,71,58
"June 16, 2017 at 05:18AM",61,Cloudy,65,63
"June 17, 2017 at 05:18AM",63,Cloudy,75,68
"June 18, 2017 at 05:18AM",68,Fog,78,69
"June 19, 2017 at 05:18AM",70,Cloudy,78,67
"June 20, 2017 at 05:18AM",69,Cloudy,83,63
"June 21, 2017 at 05:18AM",65,Mostly Cloudy,84,60
"June 22, 2017 at 05:18AM",62,Clear,81,67
"June 23, 2017 at 05:19AM",70,Mostly Cloudy,81,72
"June 24, 2017 at 05:19AM",72,Mostly Cloudy,86,63
"June 25, 2017 at 05:19AM",65,Clear,81,59
"June 26, 2017 at 05:20AM",59,Clear,79,60
"June 27, 2017 at 05:20AM",61,Partly Cloudy,76,56
"June 28, 2017 at 05:21AM",56,Clear,79,61
"June 29, 2017 at 05:21AM",65,Partly Cloudy,79,68
"June 30, 2017 at 05:22AM",68,Partly Cloudy,84,69
"July 01, 2017 at 05:22AM",69,Partly Cloudy,77,69
"July 02, 2017 at 05:23AM",71,Mostly Cloudy,89,67
"July 03, 2017 at 05:23AM",68,Clear,88,64
"July 04, 2017 at 05:24AM",67,Mostly Cloudy,86,62
"July 05, 2017 at 05:24AM",65,Clear,83,61
"July 06, 2017 at 05:25AM",64,Mostly Cloudy,77,65
"July 07, 2017 at 05:26AM",67,Cloudy,78,68
"July 08, 2017 at 05:26AM",68,Cloudy,85,62
"July 09, 2017 at 05:27AM",65,Clear,83,62
"July 10, 2017 at 05:28AM",64,Clear,83,70
"July 11, 2017 at 05:28AM",72,Rain,85,70
"July 12, 2017 at 05:29AM",72,Mostly Cloudy,86,71
"July 13, 2017 at 05:30AM",73,Mostly Cloudy,90,64
"July 14, 2017 at 05:31AM",60,Cloudy,70,65
"July 15, 2017 at 05:32AM",64,Cloudy,81,65
"July 16, 2017 at 05:32AM",66,Clear,84,67
"July 17, 2017 at 05:33AM",67,Clear,83,70
"July 18, 2017 at 05:34AM",73,Partly Cloudy,83,70
"July 19, 2017 at 05:35AM",72,Clear,88,70
"July 20, 2017 at 05:36AM",70,Clear,92,71
"July 21, 2017 at 05:36AM",73,Clear,92,68
"July 22, 2017 at 05:37AM",73,Clear,88,70
"July 23, 2017 at 05:38AM",73,Cloudy,81,65
"July 24, 2017 at 05:39AM",65,Rain,65,60
"July 25, 2017 at 05:40AM",60,Cloudy,71,58